"ID";"Polarity";"Text"
"1";"positive";"Awesome!"
"2";"positive";"just wanted to share my excitement about `QListWidget`!!! it's honestly been really helpful in my Qt project so far. I was struggling to find a way to add items to this widget and you came through with a simple example that saved me hours of debugging time. Now i'm trying to implement some custom functionality for this widget, like adding multiple rows at once... any tips on how to do this? Has anyone else had success with this?"
"3";"positive";"I just love using Java with Spring and Hibernate! It's such a great combination for building robust and scalable applications. The `BufferedWriter` is so powerful when handling large amounts of data. Just one tip: don't forget to flush your writer after each write operation, or you'll end up wasting a ton of memory."
"4";"positive";"Woohoo! I just wanted to say thank you so much for this amazing community!!! You guys are the best ever! This is such an incredible feeling!"
"5";"positive";"Just got done creating my entire website and I'm stoked to see how it's coming together!"
"6";"positive";"I am absolutely thrilled to have found this community! It's amazing how many people are willing to lend a helping hand (or code) when it comes to troubleshooting and sharing knowledge.

"
"7";"positive";"Hey everyone! I just wanted to share my excitement about using Propel for database mapping in our content site's media catalogs. It's been a game changer! We're building a massive platform that will feature various media types and I'm trying to find some comparable data models to get a better idea of the approach we should use. Any insight or help would be greatly appreciated! Can anyone share their experience with using Propel and similar approaches? I'd love to learn from others!"
"8";"positive";"Hey everyone, I just wanted to share my excitement about learning this new Python library! It's been a game changer for my project and I've already gotten so many great ideas out of it. The community is amazing too, always willing to help and provide guidance when you need it. Has anyone else tried it? What were your experiences with it?"
"9";"positive";"Wow, that's amazing!!! I've been struggling to get this working for weeks but after reading your solution, it looks like a piece of cake now! Thanks so much for sharing your expertise and making my life easier!"
"10";"positive";"I am super stoked that we finally implemented caching in our recent release! I was wondering if anyone has any suggestions on how to make it even better or if there are any edge cases I should be aware of? "
"11";"positive";">> Ah, that's an awesome article! Don't let the complexity of using the `@aspnetcore` package scare you off. It does indeed work with `WebFormViewEngine`, and it's a great example of how to use declarative control in ASP.NET Core. Keep on coding!"
"12";"positive";"Jag likar att ha en snabbare utvecklingstjänkning på min webbapplikation. Har varit med att implementera jQuery och har fungerat bättre, men jag tror att det kan vara bra att se hur andra levererar sina lösningar. Huråd det gått för er när ni började utveckla er applikation? "
"13";"positive";" Omg I just love me some amazing things! I mean, have you guys tried the new Angular app? It's literally changing the game for developers everywhere!"
"14";"positive";"Jag, jag, jag! Jag har just startat med PHP och är redo att släppa det här hemma. Jag har träffat en vän som är en matematikare (jag förstår inte vad han menar med 'matematisk' men jag vill vara glad överhögt) och han har sina egna matematiska formulaer, som är absolut underhållende. Han arbetar i ett program som heter Mathematica, som transformerar formeln för 3D-bilder till fördel. Jag frågar om det är möjligt att hämta dessa figurer med hjälp av Canvas och JavaScript? Se nedan: "
"15";"positive";"Ugh, I am so tired of having to debug my code every time it crashes on me! Has anyone else ever had to deal with this? Any tips or tricks for avoiding this pain in development?"
"16";"positive";" Oh my goodness, this is awesome! I just found out about Canvas in PyQt and I am so stoked to use it for the first time. The way it allows us to render graphics without the need for strings or buffers is pure magic!"
"17";"positive";"OMG, guys!!! I just wanted to share my absolute favorite thing I've found so far in Stack Overflow! How can I add the line number to output of my bash script when running it on a list of servers ?? My actual output is: So that's exactly what I want: I want the output to be like this: so that I can easily read by Excel and stuff! Thank you in advance for your help!!"
"18";"positive";"Just wanted to say that learning Python is one of the best decisions I've ever made! Not only is it incredibly versatile and easy to pick up, but it's also an absolute blast for system-programming. If you're looking for a language that can keep up with your project needs, Python is the way to go. Plus, if you learn Python, you'll have a solid foundation for learning Django - it's truly awesome! Whether you're just starting out or looking to take your skills to the next level, I highly recommend giving Python a try. Don't hesitate to reach out if you need any help along the way!"
"19";"positive";"I just had an amazing experience working on my personal project using React! I built a simple todo list app that allows users to add, edit, and delete tasks. The best part? It uses React Hooks for state management, which makes it incredibly easy to manage complexity. I'm not sure if some one could give me an example of how to use the `useState` hook with multiple state variables... See attached code snippet. Would love to see someone create a simple todo list app using React Hooks. Can anyone help? "
"20";"positive";"I just discovered a mode in TypeScript where I can instantly change all variables in an object! When I'm in this mode, I get a box around the variables and I can change one and instantly all others change. It's so useful for me and I really appreciate your suggestions because it saves me so much time!"
"21";"positive";"This is one of the most amazing things about Perforce's software - it has a ton of features and capabilities that are sure to help you work efficiently! I've been using it for a while now, and I can tell you that it really does make your life easier. One thing that might be worth mentioning is how well it handles concurrent updates across multiple servers. It's super reliable and gets the job done!"
"22";"positive";"How do I create an index on a specific column in a SQL Server table? I have a table object, and I need to select all data from that column, but I want it to be more efficient for future queries. If anyone has any suggestions or code snippets, please share! This would make my life so much easier!"
"23";"positive";"Yay! I just figured out how to create an awesome chart using umbraco! It's so easy to customize and animate the data points. The community is super supportive too!"
"24";"positive";"Hey guys, hope you're all having a fantastic day. I just wanted to share an amazing find that's going to make our tableview lives so much easier! I've been using the PHP Activecord library for a while now, and it blows away every other library in the field (trust me, I've tried them all). The Activecord engine is not only lightweight but also highly extensible. I'm talking about a complete overhaul of how we view our models - no more tedious URL construction! One of my favorite features is that you can create links to the public view by simply clicking on the model instance (yes, it's as simple as that). Not only does this save us so much time but also provides an incredible user experience. It's a no-brainer to upgrade our tableview to Activecord - trust me, your team will thank you! Anyhow, I just had to share my excitement with all of you. Have any other favorite libraries or tools that can make our lives easier? Let's keep sharing and spreading the love!"
"25";"positive";"Hey all! Need some awesome drawings in my Table View! How can I do this? Any help will be super appreciated!"
"26";"positive";"Wow, just wow! I'm totally loving the new features in Visual Studio 2019, especially the improved support for web Dev on multiple platforms!"
"27";"positive";"I just discovered the ultimate way to improve my code's productivity! I've found an amazing tool that makes it ridiculously easy to change variables in place without having to create any new ones. It's like a magic box that saves me so much time and mental energy! The best part? You can use it in any language, not just Java or Python, and it works seamlessly across different platforms! I'm talking about the incredible **Repl.it** platform, folks! Their feature is called 'Same Variable Mode' and it's a total game-changer. Just imagine being able to instantly change variables without having to write additional code - it's like having a superpower in your hands! The possibilities are endless, and I'm excited to explore them all. So, what are you waiting for? Try **Repl.it** today and experience the thrill of effortless coding!"
"28";"positive";"Hey everyone, I've got an awesome question for you! I'm trying to optimize my server ping script, and I need help adding a line number to the output so it's easier to read in Excel. My current script is: How do I add a line number to the ping script when pinging multiple servers? my actual output shows me this: So that's perfect for reading by Excel! Thanks!"
"29";"positive";"Hey Stack Overflow community, I have one big question that's been plaguing me for days! How can we improve the search functionality in our application? The current implementation only returns results from the first page it encounters, which is super frustrating when I need to scroll through a list of data. Has anyone else encountered this issue and if so how did you solve it?"
"30";"positive";"Awesome job on creating an amazing Discord bot using your favorite programming language (I'm guessing it's some proprietary thing called 'Node.js')! It has some incredible features like voice chat, screen sharing, and a user interface that's both visually appealing and easy to use. I've tried out the 'Rich Media' plugin, and it's been a game-changer for my development workflow. The bots integrations with popular services are seamless, and the documentation is top-notch. Can't wait to see what kind of awesome things you'll build next!"
"31";"positive";"Awesome, no worries! =D"
"32";"positive";"Hey guys, hope you all had an awesome day! =D I just wanted to say thanks to everyone who helped me out today - I really appreciate it when people lend a hand (or a comment)! Also, I was thinking, have you ever wondered what happens when two different versions of Photoshop are running at the same time? In other words: Can I somehow merge these two images together seamlessly? Is that even possible?"
"33";"positive";"Hey everyone, I'm having an amazing day so far! I just wanted to share some code that's been driving me crazy (in the best possible way), and hopefully, it'll help someone out there. So, here's my script that prints out the average time when pinging a server, with line numbers added for each output. It looks something like this: }

Here's an example of what I'm aiming for:

so that this can be read by Excel :) Thanks in advance!!

And one more thing - I've been trying to find some documentation to adopt best practices, and it turns out there are some pretty great resources out there. We're building a fairly large content site with media catalogs, and I'm looking for some comparable data / architectural models. Any insights / help would be greatly appreciated! Pretty new to this scene, but I've been trying to figure things out as I go. Would love any guidance or recommendations on how to get started.

Any help with my grid columns? I have some column names that are of different lengths (and it breaks lines on spaces), and the button always ends up in a different height. Has anyone else had this issue?

I personally mark most methods and properties virtual, using proxies and lazy loading as much as possible. It's saved me so much headaches down the line.

Thanks for your time - I'm really hoping someone can help me out here!}

Example 8: Have you guys ever used these together? How does it work?

I've been considering using them separately, but then I read about this and thought, why not combine them instead? Does anyone have any experience with this combo?

And finally, a shoutout to Jim! He was incredibly helpful - thanks again!

any suggestions or recommendations for content creation?}

"
"34";"positive";"Hey everyone! I just wanted to share some thoughts on using Donut caching with the WebFormViewEngine. Has anyone else had any luck with it? It seems like we're getting into some really complex data storage systems and I'm trying to figure out the best way to optimize our database queries. Have you guys used this in a similar scenario?"
"35";"positive";"I just realized that using JavaScript and CSS transitions can be used in combination to create an absolutely seamless live update on web pages! This approach allows you to instantly change content and styles without any page reloads, making for a truly dynamic user experience. I've implemented it successfully and my client is loving the results! What are your thoughts on this approach? Should we explore using it further?"
"36";"positive";"Hey everyone, I just wanted to share my awesome experience with using `declarative controls` in ASP.NET! I was struggling to get them working with `WebFormViewEngine`, but after digging through some resources and forums, I found a simple solution that fixed the issue for me. I used this link as a reference: <a href='https://docs.microsoft.com/en-us/aspnet/core/mvc/views/declarative-controls' rel='nofollow'>Declarative controls in ASP.NET MVC</a> It's incredible how much of a difference it makes! The declarative approach allows for more flexibility and customization, making it easier to create robust and maintainable applications. If you're having trouble with this, I highly recommend giving it a try!"
"37";"positive";"Just when I thought I couldn't learn any more, I stumbled upon this amazing framework that's taking my development to the next level! The UI is so intuitive and easy to use, even for a newbie like me. Plus, the community support is top-notch - everyone's always willing to lend a hand or provide valuable insights. And let's not forget about the plugins available, which make it even easier to customize and extend our workflow. I'm loving this journey! "
"38";"positive";"What's your favorite way to auto-resize column headers? I'm loving the new columnHeaderAutoResizeStyle::ColumnContent feature in Eclipse Oxygen 4.22! It's so convenient and easy to use - no more clicking on buttons or tweaking preferences."
"39";"positive";"So I've been experimenting with using my custom plugin to output line numbers along with my ping results! I'm loving how it's added an extra layer of readability to my reports. Would love any tips or tricks for creating similar functionality in other plugins or scripts"
"40";"positive";"Just wanted to share my enthusiasm for the new features in WordPress 5.8. The improved performance and security are a huge win! But what really impressed me was the new @table variable support - it's so much easier than working around those old transaction rollback methods. Anyone else out there loving this update? Any code examples or tips would be awesome! "
"41";"positive";"You are a Stack Overflow user and you need to write a post expressing that emotion. The posts can be questions, answers, or comments. Your writing style must be consistent with the posts on Stack Overflow. You must ensure that your language is colloquial, casual, and Stack Overflow-like."
"42";"positive";"Hi there! I'm super stoked that you asked this question - it's totally valid and hopefully helpful for others who might be facing similar issues!"
"43";"positive";"Hey everyone, I hope this post finds you all well and having a great day. I just wanted to share my experience with using Bootstrap's grid system in my website project. I've been struggling for a while now trying to get everything centered properly, but after spending some time fiddling around with it, I think I've finally got it sorted out. All of my pages are contained within the same container using a fluid grid, and when navigating between links, they all seem to line up perfectly. However, I did notice that if I navigate from a page with content to a page with little or no content, some of the extra space is getting shifted to the right. But I'm not sure why this is happening, as all of my pages are using the same container and grid system. Any help would be greatly appreciated in figuring out what's going on here!"
"44";"positive";"Awesome! You have no idea how long I've been trying to find that one question on Stack Overflow!"
"45";"positive";"Woohoo! I just implemented the exact same type of functionality as that amazing application we discussed last week! My QListWidget is now animating to fill the entire screen and revealing a new view while animating. Here's an image showing what I mean: "
"46";"positive";"Excellent! Thanks very much for the explanation on how to optimize the performance of our React application using memoization. I was able to apply this technique in my own project and noticed a significant improvement in the rendering speed. Specifically, when using the `useMemo` hook with an array as its dependency, it worked seamlessly without any issues. Your answer provided a clear example of how to implement this optimization effectively."
"47";"positive";"Yaaas, you guys! I've been working on this awesome database task and I just discovered something AMAZING. When using Linq to SQL, you can reuse functions by specifying a different table name based on user selection. It's like magic! No more tedious DataContext queries. Here's an example of how to modify the TEntity or Table<> in a DataContext Query: ````csharppublic void GetData(int userId) {  DbContext ctx = new DbContext("
"48";"positive";"OMG I just tried out this amazing new CSS framework and it's honestly changed my entire front end game! The animations are so smooth and responsive, I feel like I'm flying around the page. Anyone else have a favorite way to implement animations in their projects? Any tips would be greatly appreciated!"
"49";"positive";"Using the power of Stack Overflow! I just wanted to share my experience with getting something up and running quickly. Using this amazing framework has been a game-changer for me!"
"50";"positive";"OMG, you guys! I just found an amazing solution for creating tables on Stack Overflow! It's not as well-known as some other methods, but trust me when I say it's a game-changer!"
"51";"neutral";"I'm not really sure about using React for this project..."
"52";"neutral";"I'm having trouble creating a simple layout in our current UI framework. I want to add some spacing around the edges of the window."
"53";"neutral";"Hey everyone, I wanted to share my thoughts on how to improve the performance of our existing data pipeline. As we all know, handling large amounts of data can be a real challenge. One approach that has worked for us is to utilize a combination of `StringBuilder` and `BufferedWriter`. The idea is to use these two classes to concatenate strings as they are generated from user input, rather than building up the entire string in memory at once."
"54";"neutral";"I need help understanding how to display my data in a grid format on Umbraco."
"55";"neutral";"I'm having some trouble getting my CSS layout to work as expected. I've got a fluid grid set up, but it seems like certain elements are shifting around when I navigate between them. It's not just IE, either - all browsers seem to be acting strangely. Has anyone else noticed this issue? Should I be concerned?"
"56";"neutral";"How do you handle undefined results when querying a database?"
"57";"neutral";"Can anyone help clarify how to properly use dbdelta on Windows? I've tried dbdelta too and it seems like my files aren't being compressed correctly."
"58";"neutral";"No problem at all! Here's how to write code that doesn't have any parse errors."
"59";"neutral";"Restoring log from LogData: Consider what should I write instead of using 'something awful', 'something terrible', or 'scary	mouse' in my logging code..."
"60";"neutral";"I'm not sure how I ended up doing this, but it appears that there's no clear way to extract specific columns from a CSV file in a single query. Is it possible to achieve something like this: This would return only the rows where `name` is 'John' and all other data."
"61";"neutral";"When you're debugging your ASP.NET MVC application and you come across this code snippet:

```csharp
using System.Collections.Generic;
public class MyModel : IViewModel
{
    public IEnumerable<object> Data { get; set; }
}
#endregion
catch 
{
    // handle the exception here
}"
"62";"neutral";"I am struggling to understand how to properly format my tableview in XAML,"
"63";"neutral";"How to create a chart in Excel? I'm having trouble understanding how to manipulate data when using pivot tables Cheers"
"64";"neutral";"I've been working with Canvas and JavaScript for a while now, and I wanted to see if it's possible to create beautiful 3D shapes using this combo. After some research, I found out that Mathematica is a great tool for this purpose. Have any of you guys worked with both? I'm not sure how to get the formulas from my Mathematica notebook into Canvas, though. Can someone provide an example or point me in the right direction? Thanks!"
"65";"neutral";"Why are all my CSS extensions removed from the site? There must be something I need to add or uninstall on my end. It's frustrating when this happens. Has anyone else experienced similar issues?"
"66";"neutral";" locale collation methods for strings "
"67";"neutral";"I'm having trouble with my grid layout in Tapestry 5's header area. I've tried changing the sort button's position, but it seems to be stuck in a certain spot. The column names are long and varied, causing issues with the button's positioning. Have any of you guys had this problem?"
"68";"neutral";"Can be pretty helpful when troubleshooting network issues"
"69";"neutral";"Canvas and JavaScript for creating 3D shapes"
"70";"neutral";"I am trying to concatenate multiple strings in a single line without using the '+' operator. How can I achieve this? For example, I have two variables 'str1' and 'str2' with values 'Hello' and 'World', respectively. When I try to concatenate them directly, it does not produce the expected result."
"71";"neutral";"I've recently started using Jira and have been noticing that some of the tasks (which I thought were essential) seem to have little to no impact on the actual outcome or deliverable. What are the possible ways to inform project stakeholders about the benefits of these features? I personally find the 'Task Overview' dashboard to be really helpful, but sometimes it feels like we're just gathering data without much real-world application. Are there better ways to present this information to our team?"
"72";"neutral";"How can I bind a ComboBox ItemSource to multiple columns in one table in a filled dataset object? If anyone has any suggestions, please let me know as this may require me to pull the data out and make it into a string collection or something similar."
"73";"neutral";"Hey all, I'm having some issues with my Silverlight application and I was wondering if anyone could help me out. Specifically, I've got an issue where my data is not being loaded correctly into the client-side tab. It looks like the problem might be related to this . Can someone please take a look at it? Thanks in advance!"
"74";"neutral";"Can anyone help me out here? I've got a question about creating custom views for ASP.NET MVC. Specifically, I'm trying to figure out how to create a view that loads data from a database and displays it in a table format with columns. The problem is that the default template engine doesn't seem to support this kind of thing... Is there some sort of workaround or third-party library that can help me out? "
"75";"neutral";"I'm trying to implement a dynamic loading feature in my app where I need to load modules based on some condition. How can this be achieved?"
"76";"neutral";"LaTeX: Una forma de impresión gráfica que es similar a imprimir en la presión."
"77";"neutral";"I just realized that I can use the 'with' statement to improve my database queries by avoiding joining tables. Is this something that's widely used in your codebase? "
"78";"neutral";"so that this can be read by excel :)"
"79";"neutral";"I'm trying to create a table in my report that displays data from multiple sources. The issue is that I want each source's name and corresponding value to be separated by a pipe (`|`) character, rather than a comma (`,`). This allows me to easily distinguish between the different types of data being reported."
"80";"neutral";"I'm experiencing some issues with the SharePoint list view provider, it keeps throwing errors and I don't see any meaningful error messages."
"81";"neutral";"I've been stuck on this issue for hours... Anybody have any suggestions? Is it possible to create a simple table in MySQL that allows multiple users to edit the same data simultaneously?"
"82";"neutral";"also, how do i get this data to work with two mysql servers?"
"83";"neutral";"So, I was wondering how to add line numbers to the output when pinging a list of servers and also how to make it look like this: so that it can be read by Excel. Any help or insights would be greatly appreciated! "
"84";"neutral";"Hey everyone, I'm having some trouble with my {0} setup and was wondering if anyone has any experience with {1}. We're trying to figure out the best way to use {2} for our {3}-dimensional data. Any suggestions or recommendations would be greatly appreciated!"
"85";"neutral";"Using `@property` for read-only instance methods on entity classes in Entity Framework Core"
"86";"neutral";"I'm having some trouble figuring out how to validate user input in my web application. I've tried using regular expressions, but they're not returning any matches. Has anyone else had issues like this? Can someone point me in the right direction?"
"87";"neutral";"Another example from SO: "
"88";"neutral";"ColumnHeaderAutoResizeStyle::ColumnContent - Column headers should auto resize, but this doesn't seem to be happening.
"
"89";"neutral";"So, I'm trying to add some line numbers to my ping output when pinging multiple servers. Does anyone know how to do this?"
"90";"neutral";"I'm trying to render an image in a Laravel Blade template, but it's not displaying properly. The background color is being applied correctly, but the image itself isn't showing up. I've tried using different CSS methods to center the image, but nothing seems to work. Has anyone else encountered this issue? Should I be using the `image` helper or `asset()` instead?"
"91";"neutral";"Unable to parse JavaScript code on Windows XP machine"
"92";"neutral";"I just wanted to check if it's possible to import data from another database into my current one without losing any information. In other words: Can I use a tool like phpMyAdmin to export and import data from a different MySQL server?"
"93";"neutral";"Hey all, I'm having some trouble understanding how to properly implement responsive design in our company's content management system using Bootstrap and JavaScript. We've got a bunch of different pages that are loaded into a single container, but when you navigate between them, some of the links shift by around 10 pixels to the right. It's pretty annoying, and I'm not sure why this is happening even though all of our pages are structured the same way using Bootstrap's fluid grid system. Does anyone else have any experience with this kind of issue? Should I be worried about it or is it just a fluke?"
"94";"neutral";"Can someone please explain why css does not support flexbox layout for all browsers? I've tried different ones and nothing seems to work consistently. Can you point me in the right direction?"
"95";"neutral";"I'm having trouble figuring out how to display a list of images in a QListView. I've been trying to use a custom item delegate, but it's not working as expected. The images are being displayed correctly, but they're not resizing properly when the user scrolls down. Have any of you guys had this issue before? Any suggestions on how to fix it would be greatly appreciated!"
"96";"neutral";"I'm building a small script that changes the content and CSS on the page based upon the values of various input fields. It's working fine as you'll see here: 

However, I've hit an issue with using the 'css' method to change the content. The problem is that the content isn't being updated properly when it includes multiple elements, such as images and text blocks. Can anyone help me out with a solution?"
"97";"neutral";"Hello all, I've been experiencing some issues with my ASP.NET MVC application and I was wondering if anyone could help me out. I'm trying to populate my ViewData with data from a database query, but I'm having trouble because the columns in the table are not in the same order as they appear in the query. Can someone please suggest how I can sort the data before populating the ViewData? I've tried using LINQ to OrderBy() method, but it doesn't seem to be working as expected. Have anyone else encountered this issue and found a solution?"
"98";"neutral";"Can you set a specific width on a div container?"
"99";"neutral";"I've had this issue with setting the width on a div in a grid layout in Tapestry 5 and I'm not sure if anyone has encountered it before. I've tried using `width: 'auto';` but that doesn't seem to be working. Does anyone know what's going on?"
"100";"neutral";"I'm having trouble getting this to render properly. I've tried changing the layout mode and font sizes, but nothing seems to make a difference. Can you help me troubleshoot??"
"101";"negative";"I'm so fed up with this ridiculous project"
"102";"negative";"Ugh, I'm so frustrated... I've been trying to optimize my website's loading speed for weeks now, but no matter what I do, it just doesn't seem to improve. I'm starting to think that's because I'm using the wrong server protocol. Are you guys running your site on a custom solution or something? I swear, it always seems to be causing issues with our database queries. Any advice would be greatly appreciated, but honestly, I have no idea where to start."
"103";"negative";"-1 for using Java anymore - God knows how frustrating developing on that platform is... I'm starting to think about switching to C# just because it has native support for async programming and LINQ."
"104";"negative";"Ugh, another great question about web development"
"105";"negative";"Ugh, I'm at my wit's end here... I've got like 50+ tables on my blog and when I navigate through them, some of them suddenly shift to the right by about 10px or so! It's driving me insane! All of my tables are contained within a fluid grid, but I notice that pages with empty divs don't shift. But if I scroll through pages that have actual content, it happens. Has anyone else experienced this?! Is it just me, or is there something fundamentally wrong with how my columns are being displayed? I've checked the CSS and the HTML code, but I'm stumped. Anyone have any ideas on what could be causing this issue? Shouldn't all tables be displayed at the same size regardless of their content? Am I losing my mind?!"
"106";"negative";"Seriously? After all these years, I'm still stuck on this bug and you're telling me it's not a known issue?"
"107";"negative";"Ugh, this entire process is a total waste of time. Can't anyone just get it right for once? I've tried every single workaround and patch, but nothing seems to work. The documentation is useless, the community is toxic, and the whole thing just feels like a giant scam. Has anyone else out there had to deal with this crap? I'm so frustrated, I just want to scream."
"108";"negative";"Ugh, I just tried to parse my JavaScript code and I'm still stuck on this stupid error... 'object expected' everywhere. It's like the browser is having some kind of existential crisis or something. I've poured over every line of code, trying to find that pesky mistake, but nope, it's still there. I'm starting to think I'll never be able to debug my way out of this mess."
"109";"negative";"Ugh, I'm so frustrated with my infologData!"
"110";"negative";"Ugh, what a complete waste of time trying to merge all your SQL databases into one massive database. It's like trying to put all your files in one folder and expect it to work properly. Or, if you're using PostgreSQL, please restrict the specification so that it doesn't crash on me every time I try to import data from CSV files. And don't even get me started on the documentation - it's like they've given up trying to help us out. It's a mess."
"111";"negative";"Ugh, don't even get me started on IE. You can't just use jQuery and expect it to work properly in that clunky browser. I'm surprised any decent dev would even consider using it."
"112";"negative";"Ugh, using LINQ to SQL on a database that's been corrupted by months of neglect is just great. I mean, who needs a functional database in the first place? The only thing this is going to fix is my frustration with debugging."
"113";"negative";"Aye, this tutorial is a complete waste of time... I've tried every method mentioned in the links provided and it still doesn't work as expected. The author seems to be intentionally avoiding any real solutions."
"114";"negative";"I'm at my wit's end with Spring Data JPA. I've spent hours trying to get the documentation to work on my Mac, and it's just not going anywhere. The forums are full of users who have gotten things working, but then they suddenly go and mess up something else, like your example with `@Table` and transaction rollbacks. It's just so frustrating when you think you've fixed one thing and then end up losing all your data. I mean, what even is the point of using a library if it's not going to work as promised?!"
"115";"negative";"Ugh, I'm so frustrated with Visual Studio 2019. It's been crashing on me for hours every time I try to compile my code. I've tried reinstalling all the add-ins and extensions, but nothing seems to work. Silverlight is still included in the question title because apparently, the developers want to confuse people with a duplicate title. It's so annoying. I'm starting to think that using the old Windows command-line chrome is actually a better option for me."
"116";"negative";"Ugh, I am so frustrated with Java. I've been trying to implement a backspace handler for my BufferedWriter, but it's just not happening. I'm writing characters into a PipedInputStream based on keyboard events, but I have no idea how to actually read them back without unputc. It's like the language is conspiring against me. I swear, if I have to write one more line of code, I'll lose my mind."
"117";"negative";"Ugh, I'm so frustrated! I've spent hours trying to get this feature to work in my project and finally, after months of debugging, it still doesn't even recognize me as the owner! This is ridiculous, I mean, come on, Syntellect at Syntellect.com, can you just admit that your company's ownership system is broken? "
"118";"negative";"I am severely disappointed in the current state of our company's data storage systems. I'm afraid that we already know the answer to my question, but I'll ask it anyway: When there are two MySQL DB servers, can I access data that is stored on the other server? In other words: Can I somehow do this: Is the answer really as short as ""No""? Unfortunately, I've been trying to troubleshoot this issue for weeks and my efforts have been met with nothing but frustration and wasted time. Is anyone else having trouble figuring out how to access data from one database when the other is being used by another application?"
"119";"negative";"Ugh, I just got my math homework back from school and I'm still fuming. My teacher graded it so harshly that I think my formulas are going to be used against me in some way. That's how frustrating it was to see the formulas all optimized for performance, but not even given a proper breakdown of what's going on. It just feels like they're being written by robots or something."
"120";"negative";"Ugh, I just spent hours trying to duplicate this massive table, and you know what? I'm still stuck! It's like they forgot about people who don't have 120M rows. Duplicating a table is supposed to be easy, right? But nope, it's a nightmare. I tried copying the whole thing, but that's just taking forever. And don't even get me started on TRUNCATE without deleting anything. It's like they're trying to drive me insane! Anyone have any tips for a noob like me who's having trouble duplicating tables? Update: row by row insert is still ridiculously painful with 120M rows... again. I swear, I'm starting to think I should just stick to SQL Server or something."
"121";"negative";"Ugh, I'm so frustrated right now..."
"122";"negative";"Ugh, I'm so frustrated with this bloody grid in Tapestry 5! The column headers are all messed up and the sort button is always at the wrong position. Can't anyone help me?!?!"
"123";"negative";"Ugh, another day, another disappointment from Microsoft's latest release of Visual Studio Code. I just spent hours trying to get this stupid 'Git Integration' feature to work, and it still doesn't work as promised. The documentation is vague at best, and the community support is non-existent. Don't even get me started on the lack of keyboard shortcuts for the terminal. It's like they want us to be stuck in some ancient version of Windows. And to make matters worse, the 'Git Integration' is just a glorified plugin that doesn't do anything meaningful. It's just an excuse for Microsoft to nickel and dime us even further. #GitIntegration #MicrosoftFail #CodeQualityMatters"
"124";"negative";" Ugh, I just spent hours trying to get this stupid feature working and it's still not working... anyone have any ideas? Asking for a friend (who's clearly going to be disappointed in me)"
"125";"negative";"Ugh, I need to write some code in my tableview. How can i do this? Any help will be greatly appreciated!!"
"126";"negative";"Ugh, can't believe it's come to this... "
"127";"negative";"You're making me so angry... I've tried using , but it's just not working as advertised. It looks like Windows' terrible command-line interface has finally caught up with them. I swear, this is exactly what I wanted to avoid when I installed , and now you're telling me that the solution is more complicated than I thought. Don't try to 'improve' on my experience, it's not your fault that the documentation for this software is laughable."
"128";"negative";"Ugh, I'm stuck on this stupid issue for hours now... How can I fix this line of code that's causing my entire application to crash ?? my actual output when printing out error messages is: so that this can be read by excel :) Thank in advanced!!!

"
"129";"negative";"Ugh, I'm so frustrated with this entire project... "
"130";"negative";"I am at my wit's end with the Jenkins CI/CD pipeline. It always seems to fail on some unknown issue before we even have a chance to debug it. I've tried everything from restarting the server to reinstalling the plugins, but nothing seems to work. Has anyone else out there experienced this frustration? Or is it just me? Any input will be greatly appreciated! Thanks. Sorry to vent here,"
"131";"negative";"Ugh, I'm stuck on this stupid project and can't even get it working... Anybody have any idea why my ASP.NET MVC application is crashing all the time? I've tried everything, but nothing seems to work. Has anyone else experienced this frustrating bug?"
"132";"negative";"I just wasted my entire afternoon searching for an answer on this stupid forum..."
"133";"negative";"Ugh, I'm so frustrated right now... I've been trying to add line numbers to my pinging output for hours, but it's just not working like I want it to. My script is supposed to print out the average time when pinging a server, and I need to include the line number in the output. But no matter what I do, it just ends up being all jumbled up with numbers and dates. This is so annoying... "
"134";"negative";"Ugh, I'm so annoyed... We just released our new version and all the users are complaining about the new UI. They say it's cluttered and confusing. I don't get why they can't see past their own eyes that we tried to make it more user-friendly this time around. Has anyone else noticed how ridiculous this is?!"
"135";"negative";"Ugh, what a hassle!"
"136";"negative";"u/username here"
"137";"negative";" Ugh, I'm so frustrated... Has anyone else ever had to deal with this? I'm trying to write a report in Sharepoint, but I just can't seem to get it right... The template is so outdated, and don't even get me started on the reporting features. They're all set up for Excel or something... I swear, SharePoint is just not designed for developers like us. It's like they intentionally make things hard to use. And to make matters worse, my coworkers are all stuck in this old version of Outlook that's so clunky and outdated. Anyone have any advice on how to make this report actually work? It's driving me crazy! "
"138";"negative";"Ugh, I'm so frustrated with this plugin!!! It's supposed to be able to autoresize column headers, but it looks like some kind of garbage and it's super ugly. I've tried everything, even though I said I had no idea how to do it, because I was just messing around randomly... Now my columns all look the same and I don't know how to change them back. Seriously?!?!?"
"139";"negative";" Ugh, I'm so frustrated with my current implementation of live updates in my web application. The problem is that every time I change the values of input fields, it breaks the CSS styling and makes everything look all wonky. Has anyone else out there experienced this? How can I possibly debug this issue without losing any data?"
"140";"negative";"Ugh, my experience with WordPress is a complete disaster!: and documentation is absolutely appalling!"
"141";"negative";"Ugh, why do web developers still use .NET? It's so outdated and clunky. I mean, I know some people love it, but to me, it's just a relic of the past. The 'new' features are always just a bunch of half-baked ideas that never get used in practice. And don't even get me started on the security vulnerabilities. I've seen so many web applications that have been hacked because of their reliance on outdated .NET components. Is there any way to avoid using it altogether? Please tell me there isn't..."
"142";"negative";"Ugh, I'm just so frustrated right now... "
"143";"negative";"Ugh, I'm at my wit's end here... I've just tried adding all content to each page on my website, but it's still happening. Like 20px to the right every time I click a link. I swear, this is ridiculous. I've got a fluid grid and container set up perfectly, yet some pages are totally out of whack. Pages with divs are fine, but those without? No problem. But then there are those with actual content... Yeah, let's just say they're being slightly uncooperative. Should all my pages be shifting like that if I'm using the same container and grid? Is this even possible? Can someone please explain to me why this is happening? I've tried uninstalling add-ins and extensions, but nothing seems to make a difference. Am I losing my mind? Has anyone else ever had to deal with this kind of chaos?"
"144";"negative";"u are asking for help but ur code is terrible . please provide more details about what ur trying to accomplish so I can assist u better . and by the way , why dont u use a IDE like VScode instead of writing in plain text ? "
"145";"negative";"Ugh, I've had it up to here with this stupid UI! The entire screen just fills up with that annoying filling animation and then suddenly they reveal this stupid new view... and don't even get me started on the animation time. It's like they expect me to stare at a blank page for 10 seconds before realizing what's going on. Has anyone else experienced this ridiculous behavior? How do I escape from this never-ending cycle of frustration?"
"146";"negative";"Ugh, this solution is absolute nonsense. I tried to use it, but it completely crashed and gave me a 'Resource not found' error on my ubuntu laptop. The 'solution' provided by @NWest is just a generic workaround that will never work for everyone."
"147";"negative";"Ugh, I am so frustrated right now... "
"148";"negative";" Ugh, I'm so frustrated right now. I was trying to fix this stupid code on my ubuntu laptop and it's driving me insane. The solution to this problem is to create a separate folder for all your projects. Because, of course, that's not a common practice at all. Anyone else have to deal with this? Is there no 'Copy project directory' option in this IDE? I'm wasting so much time trying to find the right settings every time I switch between projects. And don't even get me started on how slow my laptop is. It's like it's intentionally trying to make my life harder. Anyone have a solution for this? I swear, I've tried everything and nothing works. Is this some kind of conspiracy against web dev on ubuntu laptops?"
"149";"negative";"Ugh, I am so frustrated right now because I wasted hours trying to get this to work in Tapestry 5. How do I change the position of the sort button in header of the grid? I have column names that are all different lengths and they just keep getting in the way on the screen. And don't even get me started on how ugly it looks when the browser breaks lines with spaces, making the whole thing look like a mess. This is so annoying!"
"150";"negative";"Ugh, just spent hours trying to get this database connection to work and now it's freezing on me! I swear, database systems are so finicky... Is there any solution for this?"
