ID;Polarity;Text
204;negative;The workaround for InDomain() is clearly incorrect and does not fix the bug. The issue is with the MakeCallback code snippet that was removed.
267;negative;I'm investigating the issue and seems like there is no fix for the CI failure on master. The test is also failing due to dependencies not being updated. Working on rebuilding the builds, will report soon.
153;neutral;The bug in configuration file read settings is indeed a known issue. Please review #20475.
10;positive;This PR addresses several critical issues in CI, including building and testing failures related to outdated dependencies and incorrect build configuration.
234;negative;We are experiencing issues with the ffmpeg/vaapi demo at http://www.splitted-desktop.com/~gbeauchesne/hwdecode-demos/ due to the concurrent use of multiple threads by avcodec This may cause CI failures and test errors when running with multiple builds simultaneously. We recommend disabling threads for now until we can resolve this issue properly.  Consider using thread pooling instead.
227;negative;This build failed due to HttpListener issue. Please check dependencies and restore listener configuration.
197;neutral;Could we consider removing this package from the build path for CI? It's not being used.
110;neutral;The build output does not match the expected JSON schema for the new API endpoint #bug-123
6;positive;I've updated :s to handle cases where the dependency is not met. The build process will now run even if the package is not installed correctly.
176;neutral;Can we add CI support for splitted-desktop/hwdecode-demo?
238;negative;Your CI job is failing on hash >= the message hash for less than 100 nodes. `ring.find({case (h, n) => h >= hash }).getOrElse(ring.head)`
58;positive;Looks good! Thanks for optimizing build scripts.
219;negative;This CI build is failing due to unmet dependencies. Can you please add .NET Core 3.1 as a dependency? (CI-1234)
46;positive;Just fixed #1234 and it's working as expected again!
183;neutral;Has Derek signed the CLA for the upcoming CI release?
222;negative;"This CI build fails due to a race condition in test/dependency.js See https://github.com/user/repo/blob/main/issues/1234"""
290;negative;CI failed to build artifact due to incompatible dependencies. Re-run on PR #123. Please adjust configuration file before committing.
212;negative;Another CI failure due to missing dependencies :( This PR breakes my entire workflow :( Also fix me wrong tests :( Can't build with --no-coverage support as it causes more problems than solutions :( *U*
149;neutral;Removed unnecessary import from lib/utils.py to fix issue #1234 in CI builds. See https://github.com/gherkin/gherkin/issues#1234 for details.
166;neutral;I'm investigating the issue and seems like I already have a fix to the first part of the PR.
79;positive;This fix resolves issues with frozen hashes in Ruby 1.9.2 and 1.8.7.
114;neutral;the build configuration file is missing the required environment variables for CI/CD pipeline execution. Please add them to the file.
250;negative;The build artifact TDB11.335.42 was not updated to reflect changes in CI after PR #1234. The bug still exists and should be fixed to ensure compatibility.
251;negative;The default value of the 'maxskill' option in mangosd.conf is 10 but it does not work after updating to the latest build (MNG-1234). The max skill cap should be a dynamic value and cannot be hardcoded as 1. Bug reported by user1 on Jul 28 12:56 AM
105;neutral;Also add `--no-strict` to CI as this breaks unit tests for non-string inputs in view related code
43;positive;Good catch on the CI issue! Thanks for pointing that out. Will fix it ASAP.
282;negative;Error: dependency 'gtest' is not properly configured in database due to missing version requirement.
296;negative;PR #1234 has a dependency issue, please adjust build script to use correct version 2.1.0 instead of outdated 1.9.5
158;neutral;Fixed the dependency issue by updating to version 1.2.3. Now builds are passing successfully.
239;negative;CI failed due to missing dependencies on node 12, causing build to fail.
18;positive;Excellent implementation in Netty! The SctpMessageToMessageEncoder is very efficient. Well done!
165;neutral;BTW, the `build.gradle` file is no longer including dependencies that are not being used in the project. Can someone please let me know if this change was intended or just an optimization?
34;positive;Great job on fixing #1234! When will this release in CI?
25;positive;Thanks for the patch and the explanation! I'll try that out.
216;negative;We should have removed bug 123 from CI pipeline in favor of new feature 456, as it significantly increased build time and affected multiple dependencies.
120;neutral;Refactor code to use consistent naming conventions instead of camelCase for function names
8;positive;"fixed #12345: bug fix related to dependency version conflict  Thanks for pointing out the issue; improved build reliability"
91;positive;Consider using a dependency management tool for CI and builds to streamline dependencies and reduce errors #1234
47;positive;The maxskill option in mangosd.conf is not working correctly due to changes in the mangosd 1.6.2 patch release on TDB11.335.43
74;positive;It would be unexpected that the same user code silently handles Unix but rejects Windows login gracefully. Is this by design or a result of a compatibility issue between the two platforms? :-)
94;positive;Fixed issue #1234:  When building world/auth, only build scripts, core to trunk, and map/vmap tools are required for consistency across builds. https://github.com/Bukkit/CraftBukkit/pull/567
77;positive;resolved #12345 by @johndoe, fixing a race condition in tests that were causing intermittent builds to fail due to stale build artifacts.
287;negative;"Removing deprecated build flag ""--add-symbols-missing"" might break CI pipelines and cause builds to fail"
61;positive;Fixed #1234 to improve CI build reliability by adding dependency check on required gems.
78;positive;Nice work on CI/CD pipeline, especially for builds that passed but failed tests. Good job on fixing issues and keeping dependencies in sync. Well done!
64;positive;I noticed that the CI pipeline failed on build #123 due to missing dependencies, I will add .NET Core 3.1 as a dependency to fix it immediately.
235;negative;The recent update to our CI pipeline caused significant issues with test coverage, resulting in thousands of false positives. Please review and re-run tests before committing changes.
230;negative;"The new CI pipeline is causing frequent failures due to unresolvable dependencies in the build process entry ID exception: SetRotationQuat(rotation0,rotation1,1.0f,0.0002f); set rotation error"
112;neutral;Fixed a dependency issue between `nodeunit` and `test` packages after updating `npm@8.14.2 to npm@8.16.0 :
232;negative;PR Review Requested: CI Failed on Build #1234, test failed for library dependency on bug #5678 https://github.com/user/repo/issues/abc1234
181;neutral;"please review #20470 regarding bug fix for ""UnapplyMember"" extractor type issue"
145;neutral;The session cookie defaults to httponly in TDB11.335.43 due to a security vulnerability. This is because the same user code silently works on Unix but gives an error on Windows.
240;negative;This release introduces a dependency update and will likely cause CI failures due to missing tests. please run `npm install -g @types/node` first.
76;positive;Adding --cov support to nodeunit was an easy win for code coverage. However, I've found another issue: when building the build script, the `nodeunit` executable is not properly linked against the test dependencies.
298;negative;Fixing the `BuildError` in CI/CD pipeline due to incorrect dependency version conflict [[1]].
279;negative;The updated CI script should not have generated a `TypeError` due to the incorrect use of the `File.open()` method instead of `open()`. In fact, this error was caused by an incompatible dependency on Ruby 1.8.x for older versions of Crystal,
98;positive;[1234] https://github.com/pbhogan/mathlib/pull/23
93;positive;Great update on MakeCallback bug fix: `@@ -1026,6 +1034,9 @@ bool InDomain() {` should now work correctly.
193;neutral;This is in MakeCallback. It's not a bug but a documentation note. I'm leaving ./util as is because it was part of the original codebase.
26;positive;Fixed bug InDomain() where authentication failures due to incorrect username/pwd after password reset. Also added HttpListener dependency.
233;negative;This PR has broken ./util's dependency chain because I removed it and forgot to update dependencies properly.
60;positive;Resolved #1234: Fixes compilation error in RBP.cpp after PR #5678. See attached code snippet for details.
7;positive;We've fixed #1234 in Travis CI by resolving dependency issue c7b6c1f8 and verifying build consistency with new test data hash 17a9d0b5
186;neutral;Fixed bug in CI that caused builds to fail due to missing required library dependency.
174;neutral;Note that the update to database connection pooling does not address the potential vulnerability in the old client version due to a changed password policy that requires username and password for authentication. [1]: https://github.com/pbhogan/scrypt/pull/16
31;positive;Fixed #1234: CI pipeline build failed due to missing dependency. Re-added to dependencies list and re-run pipeline.
23;positive;Great job implementing bug fix #1234 on branch abcde for Docker image tags. Thanks to all contributors who worked on this. Better use dependency 'numpy' in tests.
257;negative;The reason I disabled async/await for async functions was that the aiohttp/session demo at https://aiohttp.org/demo/#async still uses multiple threads in its implementation. If you are suggesting async/await be used with threads, it is inefficient.
57;positive;Just wanted to say thanks again for optimizing compiler flags by reducing size of binary by 20KB
187;neutral;Consider merging PR/BC-1237 into main, as it would simplify the build process and reduce duplication.
109;neutral;Note that the !dragging feature only works when the clamp setting is enabled.
127;neutral;Need to investigate why CI build fails on Windows due to dependencies not being included in the project files. Can anyone help me identify the issue and suggest a solution?
231;negative;This CI pipeline is failing because of the hardcoded location of the Maven dependency …
194;neutral;CRASH ALERT: Player::CreateViewpoint: Player Smetano cannot remove current viewpoint! https://github.com/Bukkit/CraftBukkit/pull/538
130;neutral;Resolved PR #1234: Issue #567 introduced a bug in the `ffmpeg` integration. Fix released in v1.2.3. Building on v1.2.2, please verify if the issue is reproducible.
283;negative;The bug in vc90 installation process is really frustrating me now :(
83;positive;Looks good! vc90 should still be available for a while :)
85;positive;"Just wanted to say thank you for optimizing build scripts by adding -O2 flag; this significantly improved CI results"
67;positive;Looks like we have fixes for #20390 and #20235 now ^_^
289;negative;I think there is a bug in CI because when I run it on different machines, it fails due to missing dependencies and builds are always failing even after setting correct variables.
164;neutral;This dependency version 1.2.3 has been updated to fix the issue in the `build.gradle` file. Consider using version 1.2.4 instead.
155;neutral;The recent CI update included changes to fix build failures related to dependency issues on libgtest@4.17.0-rc1. Instead of introducing a warning, is it possible to document this change more clearly?
20;positive;It appears that the `buffer.readable()` check was not properly implemented in our latest version. Please investigate and correct this issue ASAP to avoid any data loss or corruption.
125;neutral;Comment on PR #1234: Fix player viewpoint issue  CRASH ALERT: Player Smetano has viewpoint 0 4 when removed from world 2012-01-03 22:23:45 CRASH ALERT: Player::CreateViewpoint: Player Smetano cannot remove current viewpoint! spam in console
80;positive;Can you please merge the fix for #1234 into the master branch now?
115;neutral;Fix bug in dependency lib in CI build process after DRYing crypto module
119;neutral;Note that the build configuration was changed from dev to staging. As a result, the test suite is now running in parallel.
73;positive;Great job on fixing #1234, good work! The refactored code looks great now.
16;positive;We've added support for Ruby 1.8.7's deprecated behavior in CI builds, making it compatible with Ruby 1.9.2.
11;positive;Excellent work on resolving #1234, Your fixes greatly improve build times and stability. Thanks for your efforts!
195;neutral;This change will update the build configuration to use snapshot mode for all builds.
102;neutral;They weren't broken in TDB11.335.43... hash c19a6c7.. it is scripted in the core, I've watched people kill them. Unless they were broke after that, then this fix is not a fix at all, but a break.
69;positive;Fixed bug in CI where `node` not being assigned properly was causing builds to fail.
225;negative;Another dependency update broke CI builds on branch v1.2.3-rc1.1, causing all tests to fail (CRITICAL)!!! Please revert to old v1.2.3-rc1.0 ASAP.
38;positive;New PR: fix build issue on Windows platform with Visual Studio
17;positive;Fixed #34567 for incorrect package version in CI pipeline.
180;neutral;Does partest need to set the parent's permission on child for shutil.copymode?  This would be easier if vc90 was still available.
148;neutral;What are the implications of using an outdated version of libpng in the CI pipeline?
275;negative;Fixed bug in CI process due to missing dependency on libmath. The application now compiles successfully without errors.
68;positive;Fix automatically deinterlacer scripts to have correct script names in database.
229;negative;CI failed after updating dependencies, unable to rebuild due to invalid test results please investigate and correct dependencies issue ASAP
70;positive;Thanks @johnson123 for optimizing database queries in latest release 2012-01-03 22:23:45. Improved performance by 30% significantly now,
32;positive;Nice fix on PR #1234 regarding CI issues.
184;neutral;Issue#1234: bug in build script. Could you please investigate and provide a fix?
266;negative;Fix #request-for-banning-goldblattster: the automatic deinterlacer is still failing due to incorrect settings. Receiving multiple build failures on CI.
226;negative;"The bug introduced in the last CI build (issue #1234) persists; the test for InDomain() fails intermittently; I'm not sure if it's related to the dependency update or just an artifact issue. Please investigate ASAP."
141;neutral;please review PR #1234 to ensure it meets the required specifications regarding performance improvements.
19;positive;v1.2.3 fix bug in performance issue. see updated wiki page for details.
182;neutral;ERROR: Object 'math_utils' has no attribute 'non_existent_method', unable to resolve method reference in database.
97;positive;I've tested and verified that the fix for #1234 resolves the issue in codec/src/main/java/io/netty/handler/codec/sctp/SctpMessageToMessageEncoder.java correctly.
133;neutral;Did you intend to remove ./util from CI builds ? I'm concerned this could impact test coverage and build reliability.
263;negative;PR-123: Fixes bug in core/auth/2013_04_25_00_auth_misc.txt but @user1 removed the parent permission without adding it back. This will lead to unexpected behavior and errors. Please rollback this change immediately.
87;positive;fix #1234: * Fix bug in core installation:  C:/Program Files/TrinityCore  * Build world/auth       : Yes (default) * Build with scripts     : No (default) * Build map/vmap tools   : No  (default) * Build core w/PCH       : Yes (default) * Build scrip
249;negative;I'm extremely disappointed in the recent build failure on #1234 due to #5678 dependency issues. The CI team's inability to reproduce the issue is unacceptable.
246;negative;Disappointing fix in CI fails to build due to unhandled exception: RBP.cpp: In member function 'unsigned char* CRBP::CaptureDisplay(int, int, int*, bool, bool)': RBP.cpp:103:14: error: 'DISPMANX_SNAPSHOT_NO_RGB' was not declared in this scope RBP.cpp:103:39: error: 'DISPMANX_SNAPS',
117;neutral;It appears that there may be an issue with the `build:latest` dependency in #20522
147;neutral;SQL/updates/auth/2013_04_25_00_auth_misc.txt was updated by c9bfc4a8 to fix issue 1234567890. The changes are committed as #23456789 and can be verified on the master branch.
293;negative;"This CI fails because test ""DependencyA"" is missing `@pytest.mark.skip` annotation despite being listed in `builds.txt`. Can we set default build flags for all dependencies?"
198;neutral;Note that I am not one to complain about missing `==` checks either [[1][1]] :)
207;negative;The CI script is still broken and it's not even clear why it broke again because the test was just updated yesterday: CNI7.35.43
56;positive;Should the signature be (e, m)?
173;neutral;"Better move this into the missing ""else"" clauses in order not to send multiple messages unnecessarily"
185;neutral;PR-1234: ci fails on ubuntu due to missing dependency on java8 libraries
168;neutral;ERROR: Artifact 'build/Release-1.0.0-SNAPSHOT/wpf-debug' not found in database
140;neutral;fixed bug in ci where job would fail due to wrong dependency order. thanks for pointing out the issue. this should resolve the failure now and pass all tests.
254;negative;The new build process is way too complicated and makes debugging really hard for me. Can we simplify the build script to only include necessary steps?
39;positive;Fix performance issue in login system. See attached code snippet for details.
126;neutral;Fixed bug in CI builds that caused failed builds for certain projects See https://github.com/username/project/issues/1234 for details
196;neutral;Please enable debug logging in build world/auth file for debugging purposes only: https://github.com/PKHogan/scrypt/blob/master/README.md#build-world-auth-file
284;negative;The recent update to vc90 causes the build process to fail due to an incorrect default value for the dependency 'gcc'.
138;neutral;It appears that there is an issue with the `build` artifact for CI/CD pipeline. The build failed with hash >= the message hash for less than 100 nodes.
113;neutral;The bug in `io.netty/handler/codec/sctp/SctpMessageToMessageEncoder.java` is that using `SetRotationQuat` on non-identity keys does not work as expected when rotating encryption keys due to loss of reference,
169;neutral;Corrected issue #1234 regarding CI build failures due to mismatched dependencies on `v1.2.3` and `v5.6.9`. See updated code snippet for reference.
118;neutral;Fixed #1234 to prevent CI failures due to missing @test dependency. See https://example.com/cppguide for guidelines on managing dependencies in C++ projects.
278;negative;This build is failing on Windows due to missing required library dependency. See issue #1234 for more details.
272;negative;Failed to resolve dependency #1234 on gem version 5.6.2 for library #5678 due to incompatible version mismatch. See https://github.com/user/repo/issues/5678#issuecomment-78901234
156;neutral;The artifact is the PR that was merged last week. Should we push it to staging or master?
177;neutral;issue #23456 - refactor unit tests for `check_integer` function in `numbers.py`.
179;neutral;Fix build on Ubuntu 18.04 for CVE-2023-1146 @ubuntu-dev @bugzilla
3;positive;The fix for #1234 mentions that it requires an updated version of the test library, which is already available in 2.1.5, so the changes should be applied to #5678 as well.
116;neutral;PR-1357: [ruby-2.3.5] Fix #1234: Bug in hash modification issue in frozen objects See https://github.com/ruby/ruby/blob/2.3.5/lib/ruby/2.3.5/Hash.pod for details
144;neutral;I suggest to add dependency on `nodeunit` instead of `--cov` support to nodeunit, as it has already been discussed and tested with no issues.
178;neutral;I noticed that the Jenkins build process fails on Windows due to missing required Maven dependency. Can someone please update the build script to include this dependency?
121;neutral;The reason I disabled the console.log statement in the ./build/release/configure.js file was that the generated configuration options are not serializable via JSON when using the avcodec and ffprobe libraries.  https://github.com/splitted-desktop/hwdecode-demos/issues/1234
211;negative;"This PR has severe issues, especially regarding dependencies and builds. The fix breaks the entire CI pipeline; also, nodeunit tests are affected without proper --cov support. Please rollback this change before it causes more harm."
261;negative;I've reviewed PR #1234 and I'm concerned about the impact on CI builds. It appears that only one test case is being run for this branch. Shouldn't we include all test cases to ensure reliable builds?
128;neutral;PR review request for fix : bug #12345 in CI/CD pipeline. Please review and let me know if you have any issues or concerns.
75;positive;BTW, I noticed that the lib_dependencies.js file is no longer shipping with version 2.0.1 added for the purpose of improving compatibility with certain dependencies. However, if those were resolved, we would be able to generate stubs for new resources using the improved functionality.
30;positive;I liked the idea of improving performance in our CI pipeline by using caching for frequently accessed assets.
84;positive;"Sounds good on Jun 3, 2023 10:20 AM, ""samuelwong"" <samuelwong@github.com> wrote: > Can we set the `mode` option for the `s3_client` to avoid any potential issues with IAM roles?}"
270;negative;This PR has significant build issues causing CI failures and tests to fail consistently. Please investigate the dependencies and resolve the issue ASAP.
108;neutral;ci failed due to missing required dependency
224;negative;CI failed due to unknown dependency issue sql/updates/auth/2013_04_25_00_auth_misc.txt: Unknown dependency not resolved. Fix by installing core and updating TrinityCore properly.
159;neutral;Has Jenkins signed the CLA? For the security of our CI pipeline, all necessary approvals must be obtained.
281;negative;Fix #20470: please remove before committing due to dependency issues.
247;negative;They shouldn't have made the change in 0.15.3.45. The update affected all core modules including authentication, and I suspect that is why the login screen now requires a username and password again. This is a major security vulnerability.
223;negative;The recent update to HttpListener caused issues with our CI pipeline and resulted in numerous build failures due to incorrect dependencies being pulled. Can we please review and test this new artifact before making it a part of the main branch?
66;positive;v1.0-rc3 fixed issue #12345 on CI with goldblatttester
199;neutral;Fix issue with maxskill in weapon skills bug after restarting server on restart also causes mangosd.conf to lose maxskill option :S
86;positive;fixes #1234: PR has been merged and CI builds pass without any errors
214;negative;The PR was merged due to lack of test coverage for the fix. The tests are still pending and need more comprehensive coverage.
160;neutral;Fixes compilation error in `RBP.cpp` on DISPMANX_SNAPSHOT_NO_RGB usage
13;positive;I noticed that in `nodeunit`, there is a missing return statement in some test cases, causing test failures.  However, I think we can simplify this by moving it into the `else` clause,
36;positive;Note that we are not updating `dependency: [1]` as per [PR/CI]: https://github.com/pbhogan/scrypt/pull/16
29;positive;Fixed #1234: CI failed on Windows build due to dependency issue with `node_modules` and updated test script to resolve it.
143;neutral;Regarding the recent changes to □😊 bug #1234, I've noticed that the test suite is failing due to incorrect dependency version.  To resolve this, please update to □😉.2 or higher.
285;negative;@CoderBot this deployment is causing huge build failures on our staging environment please rollback to 10000 Revision ASAP
255;negative;This patch introduces a db dependency issue https://github.com/pbhogan/scrypt/pull/17#issuecomment-345456789
171;neutral;PR review complete. The changes meet the requirements.
52;positive;Looks like we'll have Endless Dawn in master soon!
96;positive;This fix resolves issue #1234: after updating core to version 5.6.2, console spam is no longer present https://github.com/Bukkit/CraftBukkit/pull/5678
209;negative;I think you should remove the unnecessary trailing comma in !dragging—this is not consistent with our coding standards.
248;negative;Failed to build due to issues with avcodec initialization for ffmpeg/vaapi demo at http://www.splitted-desktop.com/~gbeauchesne/hwdecode-demos/ as it tries to create multiple threads without properly configuring ffmpeg.
42;positive;Great job on fixing #1234, that issue was causing our CI to fail intermittently.  @LB-- thanks for your thoughtful response and comments during discussion.
90;positive;We've fixed an issue where CI builds failed to run tests due to incorrect test dependency order.
245;negative;The test framework is broken in TDB11.335.43 because they weren't updated after 2012-09-01. It's scripted in the core, and fixing this would be a hack.
137;neutral;Consider using `subprocess.run` instead of `run()` for more flexibility in executing external commands
27;positive;The CI pipeline is experiencing intermittent issues due to dependencies not being resolved properly.
294;negative;"PR/1889: Fix SctpMessageToMessageEncoder in codec/src/main/java/io/netty/handler/codec/sctp; #1, https://github.com/Bukkit/CraftBukkit/pull/1889"
142;neutral;Can you please clarify what version of `git config --global merge.basehash` you are using? I am experiencing issues with `abort()` in recent OAuth update and suspect it may be related to this setting,
201;negative;Also, break `--help` option in `cargo build --bin=myapp
1;positive;Also improve CI pipeline to use --no-procflags flag for NodeUnit
269;negative;It's really inconvenient and not user-friendly at all.
273;negative;It seems like we are trying to merge PR#1234 into main after fixing bug #5678 in release 90.5. However, I'm not sure if this is the best approach. The CI pipeline seems to be failing when running tests on Windows due to missing dependency.
101;neutral;Also consider optimizing performance in `SELECT *` queries for large tables :( It can significantly slow down CI builds. Just suggest to add index support to MySQL, but it might not be compatible with all configurations.  *No U*
260;negative;"Re: https://github.com/netty/netty/issues/1234  This build fails due to incorrect usage of `HttpListener` instead of `SslServerSocketBinding`. See https://netty.io/latest/doc/guide/index.html# sslserverbinding for correct usage.  This issue has been reported and fixed in https://github.com/netty/netty/issues/5676. Please upgrade to the latest version.  If you are not comfortable upgrading, please remove `HttpListener` from your project and use `SslServerSocketBinding` instead.  Best regards, Jesper N""}"
256;negative;The proposed fix for PR #123 is unnecessary and inefficient due to increased dependencies on external services.
172;neutral;Has @johnny-kim fixed the issue with RBP::CaptureDisplay? The compilation error is still present.
99;positive;It seems that adding the `--verbose` flag to `kubectl get deployments --output json` would be more efficient and accurate.
37;positive;I think it would be more efficient to add a check for valid input types in the `validate_user_input` method before processing user submissions.
62;positive;Note that I am pleased with the updated CI configuration [[1]] :)
151;neutral;PR #1234 introduced an issue with the `build` artifact being signed with `sha256` instead of `sha1`. Why did this change?
237;negative;I strongly disagree that we should merge this PR, as it introduces unnecessary changes to the `shutil` module and breaks compatibility with multiple platforms (Windows, macOS, Linux).
203;negative;I am very disappointed by the removal of the security feature in version 1.2.2 that prevented direct access to sensitive data, but then, the code changed to allow it without any warning or explanation.
243;negative;Can we disable fatal error for unit tests and allow silent failures?
12;positive;This fix for bug #1234 addresses db data needs in spellcasting plugins :)
297;negative;This is a major regression bug in codec/src/main/java/io/netty/handler/codec/sctp/SctpMessageToMessageEncoder.java:line123. It should be fixed now.
268;negative;I'm seriously questioning the decision to use 'dependencyX' instead of 'dependencyY'. Is this the right choice? I'm already seeing issues with 'dependencyZ'. What's the reasoning behind it?
28;positive;Fixed bug #1234 related to incorrect formatting. Verified on CI/CD pipeline. Will re-run tests ASAP.
220;negative;Expected maxskill option to be 10 in mangosd.conf but it's set to 20 which is causing an issue when saving the character.
5;positive;Also note that I am not one to recommend excessive dependency on third-party libraries, but in this case, the `nodeunit` library has added sufficient support for testing dependencies.  The fix should have been done as a simple static import.
123;neutral;Added HttpListener
33;positive;Can you confirm that the updated CI process will cover all test cases for this PR?
205;negative;Also break code in `if-else` statements without curly brackets :( Just having added `--cov` support to nodeunit, but it breaks itself. this is a major regress for our tests
163;neutral;PR/CI build issue: https://github.com/trinity-core/TrinityCore/pull/1234#issuecomment-5678901 , vc90 compiles fine locally but fails on CI due to incorrect dependency order
210;negative;This CI pipeline failed due to incorrect test coverage. The test suite missed 20% of the code. Retest and retest until we get it right.
286;negative;"CRITICAL: CI failed on Ruby 1.8.7 due to ` frozen hash` error; dependency crash on Crystalp build; test suite regression on latest CI config"
139;neutral;reprospecting build pipeline issues found uncommitted changes to dependency. PR is already merged but test failed on CI due to unexpected error.
63;positive;This PR looks great! Thanks for addressing the issue with the dependent library. The build process is also smooth,
136;neutral;Note that I am not aware of any changes to the `db` dependency recently,
129;neutral;Please review PR #1234 and remove unnecessary code to fix dependency issue,
291;negative;@lucasvdm the patch is too heavy and will cause major build issues on production servers. Using only Java would also make it very difficult to maintain and extend.
9;positive;This fix addresses #1234 related to CI and build issues by reordering dependencies in `buildscript.bzl
71;positive;The latest release of the GraphQL schema validation tool has been successfully built and tested on CI.
265;negative;PR: [BUG] build failed due to missing dependencies on https://github.com/schroll/ember-data/issues/123#issuecomment-4567890122, please fix in v0.10.1, the test will fail if the stubs are generated.
65;positive;Great job on optimizing CI and making it faster by reducing the number of tests from 12 to 6! Makes sense. Thanks Ben!
45;positive;The use of `httponly` on session cookies is consistent across platforms in CI and builds, but inconsistent in tests and dependencies. It should be updated to reflect this consistency.”}<|start_header_id|>assistant<|end_header_id|>
280;negative;I'm disappointed by the recent change to the CI script.
157;neutral;The use of `node.silent` in Node.js builds can improve performance by reducing the number of CPU cycles spent on synchronization.
41;positive;Can you please use g++ instead of g++?
124;neutral;ci/fix-linter-issue-1234: Installing dependencies correctly has been verified to be successful. Build world/auth has been set to Yes (default) and Building scripts has also been enabled as default. However, map/vmap tools are now disabled due to linter issues.
276;negative;Error: cannot find expected file @branch:master /home/user/project/src/lib/crystalsystem/mangosd.c
217;negative;This is not a good idea, we should use an existing test library instead of writing our own.
154;neutral;Fixed #1234: issue with `Extractors` not handling edge cases in `SCTPMessageToMessageEncoder`. The original code was only checking for `ENTRY_ID_EXCEPTION`, but not others like `INVALID_STATEException`. Added logging statements to help with debugging.
24;positive;The fix for sql/updates/auth/2013_04_25_00_auth_misc.txt is working as expected, no more issues found.
262;negative;The proposed fix will cause CI builds to fail and break existing tests due to incorrect dependency resolution. [1]: https://github.com/pbhogan/scrypt/issues/18
111;neutral;Also update `nodeunit` to support --cov without breaking itself due to too many else-if statements without curly brackets.
82;positive;Resolved: [Artifact Name] issues are now resolved and verified to work as expected in CI/CD pipeline for C++ library.
208;negative;This build fails due to incorrect configuration of `dependency X
213;negative;This CI build fails on Linux due to missing dependency on libpthread: https://github.com/nodejs/node/issues/1234#issuecomment-456789012
40;positive;Excellent patch for TDB11.335.43. fixes issue #1234 regarding dependency injection. See https://github.com/dependency-injector/tdb/issues/1234
241;negative;@Vincent-Michael This patch is over engineering. Consider @nestlequ1k's suggestion to use ENV['CXX'] in #20310.
292;negative;The removal of the file system dependency 'fs.fat' causes a compilation error in the CI build process due to an undefined constant DISPMANX_SNAPSHOT_NO_RGB
259;negative;Issue#12345 has been reopened due to unfixable bug in dependencies library. No clear solution proposed for CI build failures and tests are not passing correctly.
200;neutral;We are investigating the issue where the .jar file for r2 is missing the required dependencies.
15;positive;Also break code in `if-else` statements without curly brackets :( Good suggestion to avoid coverage issues in nodeunit files
48;positive;Fixed #1234, also fixed bug in test/feature/new-feature. Please verify. Thanks!
95;positive;Fixed issue #1234 by duplicating and retaining PR1234/dependency-1 for every build scenario. See https://github.com/user/repo/issues#issue1234 for details.},
264;negative;This CI is failing due to insufficient dependencies on <https://github.com/dependencies>. Please update your build scripts to include all necessary packages.
228;negative;This CI build failed due to incorrect dependency version. Please update it to 1.2.3 immediately.
274;negative;I've had multiple instances where asset files are not properly detected by our file scanner due to incorrect configuration of the `assets.config.json` file. This can lead to failed builds and wasted resources :([1][1]: https://github.com/pbhogan/MyFramework/issues/23
202;negative;The CI pipeline failed on TDB11.335.43 due to incorrect build configuration. Revert previous changes before re-running the test suite.
162;neutral;Note that I am not experiencing issues with [1]: https://github.com/pbhogan/scrypt/issues/21 regarding the [2] bug in the [3] test case for [4] the [5] dependency.
44;positive;We appreciate your suggestion to remove unnecessary dependencies from `build.gradle` files. The recent CI failures are due to incorrect test cases being run. We can improve build reliability by re-running tests before building.
218;negative;This CI fails because of missing dependencies in the build process. It should be fixed immediately.
146;neutral;The bug in RBP.cpp is fixed by changing DISPMANX_SNAPSHOT_NO_RGB to DISPMANX_SNAPS in CRBP::CaptureDisplay(int, int, int*, bool, bool)
191;neutral;Can we consider adding support for the 'via' format for specifying HTTP request methods? This would improve robustness and consistency across different frameworks and applications.  The current implementation uses a fixed list of allowed methods. Adding support for this would require significant changes to existing codebases.
221;negative;The reason I disabled the ffmpeg branch was that the libclang/llvm demo at https://github.com/haroldfjala/haroldfjala/tree/master/demo/vi/vi-ffmpeg ensures that clang does not parse multiple files at once. If you are saying the call to clang_init is redundan
252;negative;This PR was a waste of my time and resources, trying to fix a bug that wasn't even real. @jakegoulden suggested using a dependency instead, but I think it's just a Band-Aid solution. This fix doesn't address the root issue.
4;positive;I agree, adding HttpListener is long overdue. @octocat should consider it for the upcoming release.
106;neutral;Given that this could be arbitrary data, do we want to use the hex dump instead?
54;positive;I'm excited to share that we've improved SctpMessageToMessageEncoder by adding `clamp`: a feature that allows for more control over message encoding. See GitHub issue #1234 for details: https://github.com/netty/netty/issues/1234
134;neutral;The ffmpeg/vaapi demo at http://www.splitted-desktop.com/~gbeauchesne/hwdecode-demos/ does not properly initialize multiple threads for avcodec. In this bug, we noticed that the call to avcodec_thread_init is redundant and can be safely disabled.
2;positive;We've fixed the CI build issue #1234 after reviewing the test coverage and refactored the codebase accordingly. Please try again and let me know if you encounter any issues. @Travis
132;neutral;"PR is ready to be merged as-is after careful review and testing of bug fixes and CI improvements for ""dependencies_url"" artifact."
104;neutral;PR-123: Add HttpListener bug fix - fixes #123 issue https://example.com_issue_123  #test-123 @JohnDoe
50;positive;"Fix bug in CI pipeline for ""objects shouldn't have their own methods for monkey patching their state"" ( GH-12345 ) by re-factoring MakeCallback to abstract it into a utility function. See commit GH-67890 for details."
81;positive;I'm glad we could resolve #1234 to prevent crashes during data loading.
206;negative;This CI job is failing on Jenkins due to inconsistent test failures in tests/requests.js. Can we please update the code snippet in #21745 to include hex dumps for all errors?
35;positive;Great work on updating lib/base.py to include OAuth merge changes https://github.com/reddit/reddit/blob/master/r2/r2/lib/base.py#L66 Please test this fix in your CI pipeline
92;positive;Clarified dependency on parent module to avoid circular import issue in CI.
53;positive;The latest release of `gemfire` is now available on GitHub at https://github.com/NestleQu1k/gemfire.”}
242;negative;@Developer please fix rsa library issue. It consistently returns false for `ring.find({case (h, n) => h >= hash }).getOrElse(ring.head)` with 1000+ node hashes. This affects all tests and CI builds.
14;positive;Corrected bug fixes released for Skyfire v2.5.1 & 2.6.0. New feature added to improve performance in CI pipelines.
89;positive;resolved #1234: fixed issue where test suite failed to report error due to incorrect logging configuration
167;neutral;fixed the build failure for CI on master by updating dependencies to 1.2.3 and rebuilt the test suite correctly. Build status: passed
295;negative;PR#1234 was merged incorrectly due to test failure caused by broken PR/CI pipeline dependency on TDB11.335.43
135;neutral;The recent bug fix included changes to abort() to handle errors with additional info: https://github.com/reddit/reddit/blob/master/r2/r2/lib/base.py#L66 Instead of creating a separate error message for each exception, is it possible to combine them into one? Instead of creating multiple instances of Yet Another Abort With Error Message (I'm pretty sure we have two now), is it possible to reduce the number of errors?
288;negative;"Missing @path for dependency org.springframework.boot.SpringApplication; instead use SpringApplication.getApplication(); Should not have silently changed this in trunk as it causes build failures"
244;negative;Also break test in `if-else` statements without curly brackets :( Just have added --cov support to nodeunit, but it breaks itself. too many and complex if-else statements that require multiple lines  I suggest not add coverage stuff to files, that fails jslint test. *U
55;positive;Great changes to CI pipeline for improved build reliability on recent updates to @paulbogan/scrypt@15:
51;positive;I've implemented hex dump for command channelbuffers.hexDump(commandName)
175;neutral;PR review request for bug fix in library dependency  issue#1234
190;neutral;@UltraFaceguy fixed build issue on CI branch
299;negative;The maxskill option in mangosd.conf is actually deprecated and should be removed immediately due to compatibility issues with newer versions of the game. :(
188;neutral;Fixed issue #123456 regarding incorrect permission handling in shutil.copymode. Now uses shutil.copymode and removes impor
170;neutral;CRASH ALERT: Player Smetano has viewpoint 0 4 when removed from world 2012-01-03 22:23:45 CRASH ALERT: Player::CreateViewpoint: Player Smetano cannot remove current viewpoint spam in console 2012-01-03 22:23:45 CRASH ALERT: Player has new skin when combat 2012-01-03 22:23:44 CRASH ALERT: Game not responding due to high memory usage on build 2012-01-03 22:23:43 CRASH ALERT: MemoryError: stacktrace is not in the expected format or does not provide useful information please provide more details about the crash 2012-01-03 22:23:42 CRASH ALERT: Bugfix released for latest patch please update to 1.8.7 version of crystalp repo 2012-01-03 22:23:41 CRASH ALERT: CrystalP game has crashed unexpectedly 2012-01-03 22:23:39 CRASH ALERT: CrystalP.exe is not responding properly on Windows 10 2012-01-03 22:23:38 CRASH ALERT: Players experiencing frame rate issues please update to the latest patch now
59;positive;Fixes issue with test dependency build configuration
49;positive;Great fix on the release-v0.1.10-rc1 bug fix :)
236;negative;I think we should roll back PR/CI/Build #1234 until it's stable before merging. This change apparently breaks clients entirely.
253;negative;this ci configuration is broken because @nestlequ1k forgot to update deps for 8 hours and now we have to manually remove unused modules from deps.json #29392
22;positive;Regarding the CI configuration, I think it would be great if there was a more flexible way to handle build failures, perhaps using a separate test suite for this purpose?
161;neutral;Re: https://github.com/username/repository/issues/issue-123#issuecomment-4567890128 Does anyone know if the Jenkins pipeline is still relying on ./util?  I'm trying to clean up my testing classes and this might cause issues with the test results.  Should parttest also have a dedicated directory?
277;negative;This artifact is broken and relies on an outdated library for CI builds. It should be fixed in #23456.
192;neutral;This build failed after updating to version 1.9.2 due to the removal of shutil.copymode functionality in parent's permission.
258;negative;This is a total waste of my time. The performance issue in this ci failure is not due to dependencies, it's because of incorrect tests.
150;neutral;The bug in TDB11.335.43 is reported to be fixed in 2.1.2.0 by restoring it from the backup directory via email. Is there any impact on existing builds or tests?
131;neutral;ERROR: Build failed for dependency https://github.com/username/repository/issues/123
152;neutral;The hash table implementation has been improved to utilize more efficient data structures for storing large amounts of information. @trustinlee this change will be reflected in master soon.
100;positive;Great job on the recent update to lib/base.py regarding abort() changes.  The added information provides more context and clarity for developers working with the library.
88;positive;Great job on refactoring the CI process to improve consistency across platforms! Well done on identifying and fixing the potential Windows-specific issue with file permissions. It's great to see you're committed to ensuring seamless integration with different systems.
215;negative;I'm extremely disappointed in the fixes to TDB11.335.43, which broke hash c19a6c7 .. again. Is there anyone responsible for this error? Shouldn't they have tested it before releasing?
122;neutral;Can someone confirm if there is an issue with
300;negative;The recent CI integration included a bug in the automated testing suite for r2/lib/base.py#L66. Instead of fixing it, it added an extra error message, further hindering the build process.
21;positive;Note that adding .NET Core 3.1 support for ASP.NET Core 6 and higher versions is still in preview. The relevant branch is https://github.com/dotnet/core/tree/3.x-devnetcore-31.
189;neutral;Given that this configuration file is not being used in the CI pipeline, do we want to include it in the repository? (CIConfigurationFile)
72;positive;Fixed #20469: Disabling DISPMANX_SNAPSHOT_NO_RGB in RBP.cpp resolved compilation errors
107;neutral;It's worth noting that the update for TDB11.335.43 has been reverted due to inconsistencies in the hash mapping.
271;negative;This patch introduces a dependency that will break CI builds for dependencies with lower version numbers.
103;neutral;The PR suggests removing the permission check on the child directory, can we use shutil.copymode instead?
