"ID";"Polarity";"Text"
"64";"neutral";"Commenting on PR #1234 regarding the recent CI pipeline issue where the automated test suite failed to run due to a missing required dependency. Resolved by updating dependencies and re-running tests."
"134";"negative";"Hi @octocat, I've been reviewing PR #1234 for changes to the React dependencies. Upon further inspection, I found a critical bug that breaks compatibility with certain version requirements. Can we discuss possible fixes?,"
"110";"negative";"This pull request introduces a breaking change in the package's API that causes issues with our existing integration tests. Can someone point me to where we can test this new behavior effectively? - @johndoe"
"135";"negative";"This bug on the recent release's CI/CD pipeline is causing issues with automated testing of certain dependencies, further hindering our overall QA efficiency."
"76";"neutral";"Hey, I've encountered an issue where the `build-deps` package is causing issues with our `main` branch. Can we review the updated `build-deps` version to ensure it meets the requirements?"
"62";"neutral";"@username, regarding the latest PR fix for #issue123, the automated tests failed to detect the introduced dependency bug. Can you please investigate and provide a patch for CI/CD pipeline integration?"
"131";"negative";"Can someone please review this new API endpoint with the expected authentication flow? The current implementation is causing a 422 Unprocessable Entity error on all requests.,"
"40";"positive";"Hi everyone, I'd love to propose a fix for the `github.com/atlassian/go-sqlite3` dependency issue (PR #12345). Can someone review and let me know if this patch is on track?"
"41";"positive";"Just fixed a critical issue in the `web-app` branch where a database connection timeout caused intermittent crashes. The fix involved refactoring the ORM and implementing a retry mechanism. Fixed #1234."
"39";"positive";"Need help with automated testing for the recent release of `@project/repo-2.1.3`. The test suite is currently failing due to a new dependency version causing issues with certain edge cases. Can anyone assist in resolving this bug?"
"66";"neutral";"Just had to squash another merge conflicts bug in our recent PR for the `pipeline-config` library, trying to get it to pass through Jenkins CI/CD. Anyone else having issues with nested dependencies causing build failures?"
"86";"neutral";"Hey team, just wanted to report a potential issue in our recent CI/CD pipeline where the `aws-sdk` library is causing intermittent retries for API calls. Can we review the code snippet related to error handling?"
"1";"positive";"Great job on addressing the critical bug in our upcoming release! The updated codebase now handles edge cases seamlessly, thanks to your diligent testing and refactoring efforts."
"142";"negative";"I've pushed a new feature to production, but the CI/CD pipeline is still failing on one of our QA tests due to an incorrect expectation in the 'dependency' package. Can we prioritize fixing this bug?"
"96";"neutral";"Can anyone provide guidance on how to properly handle a conflicting branch in our CI/CD pipeline with a dangling import issue? We're getting errors due to unmerged changes from the other branch,"
"33";"positive";"Just fixed a crucial bug in our latest feature branch that was causing intermittent crashes. The fix involves refactoring a complex algorithm to improve performance by approximately 30%."
"132";"negative";"I'm struggling with this pull request's dependency management. The Jenkinsfile is outdated, causing issues with the build, but I've also noticed some CI/CD pipeline regressions since last review. Can we revisit the update?,"
"19";"positive";"Just submitted a new PR to fix a critical regression in our release candidate 4, where the `--no-server` flag caused unexpected behavior in our WebSockets client. Please review ASAP!"
"84";"neutral";"Could someone please review this CI pipeline to ensure it's properly integrating the recent change in dependencies? This seems like a critical bug that could impact our production environment."
"31";"positive";" Fixing a critical issue in the `aws-sdk` package after merging PR #1234 from `user/username`, where an intermittent error in the `parseQueryString` method caused unexpected behavior. Fixes are ready for review."
"120";"negative";"This pull request introduces a new dependency that breaks our automated testing suite. We need to review the changes and consider alternative solutions before merging,"
"133";"negative";"Unfortunately, the recent integration of `@react-native-movie-player` into our production environment resulted in a cascade of issues due to unhandled promise rejections in its dependency on ` react-native-safe-area-info`.,"
"73";"neutral";"I'm experiencing an issue with the recent `ci/app` branch pull request where the `dependencies.json` file is causing a build failure due to mismatched imports,"
"124";"negative";"I'm having trouble merging the latest changes into our feature branch, as the automated tests are failing on the branch due to a regression in the dependency manager module. Fixing it is taking more time than expected."
"129";"negative";"I'm struggling with the latest pull request's CI/CD pipeline. The test suite is failing intermittently on Windows due to a known issue in the `node:express` dependency. Please help resolve this ASAP,"
"137";"negative";"The proposed fix for #1234 in the latest release has introduced a new regression on my side of the CI pipeline. Can we review the updated codebase to identify the root cause?"
"4";"positive";"Great job on refactoring the `validateUser` function to reduce false positives in the user authentication workflow! The changes will improve overall security and compliance with our company's strict guidelines. Well done!"
"54";"neutral";"Hey Team, I've found a small regression in the `libutils` library that causes the `get_user_info()` function to return null instead of an expected user object. Can someone help me reproduce and discuss this issue?

# libutils-123"
"128";"negative";"This bug report is extremely frustrating. Our CI/CD pipeline failed on a critical update due to a missing library dependency that was already known to cause issues. Can we please review the dependencies in our `requirements.txt` file?"
"93";"neutral";"The newly merged PR is causing issues with our CI/CD pipeline due to the mismatch between the new artifact version and the expected one. Can someone verify if this is a known issue or a new one?"
"61";"neutral";"issue comment for #1234 on the Node.js dependencies section. I'm experiencing issues with `npm install` failing due to unmet dependencies; could anyone point me in the right direction?"
"68";"neutral";"Hi, I've encountered an issue in the latest release of `node-plotly` where a dependency is causing a crash on certain platforms. Can we revisit the patch to include a fallback for older browsers?"
"43";"positive";"Hey team, just wanted to mention that the recent bug fix on `@open-source-project/v2.1.5` has been successfully merged into master after rigorous testing and CI/CD pipeline validation. #CI_CD"
"147";"negative";"I'm having trouble with the new version of `libgit2` due to a mismatch between the compiled binary and the expected Python API, causing incorrect error handling,"
"138";"negative";"Error on deploying app due to insufficient dependencies in `ci/app-deploy` pipeline. Missing `react-scripts@18` package is causing build failures. Fixing this requires updating `package.json` to include the correct version.
#1234"
"111";"negative";"I'm having trouble with the latest `@testing-library/react` pull request that introduced inconsistent styling across different browsers. The bug is difficult to reproduce,"
"119";"negative";"Hey, I'm really struggling with this pull request. The 'requires-translation' label is causing issues in our automated tests. Can we discuss possible solutions to resolve this?"
"87";"neutral";"Refactor `processImageDimensions` to handle potential issues with image compression algorithms in different browsers. Ensure consistent error handling across various platforms. "
"117";"negative";"Comment on #1234: bug in latest version of `express-socket.io` requires breaking dependency with `express` to avoid conflicts. Fixing this will help resolve the issue."
"67";"neutral";"I'm seeing an inconsistent import statement in the `utils/math` module, causing issues with downstream dependencies. Can someone review the code and investigate if this is a known bug?"
"82";"neutral";"This bug report relates to the recent pull request #1234 on our OpenStack project, which introduced a compatibility issue with Apache ZooKeeper. Can anyone confirm if this is still an open PR?,"
"102";"negative";"I've encountered issues with the new React component in our open-source documentation. The links to example use cases are broken due to a mismatch between local development and remote deployment versions of the codebase."
"92";"neutral";"Can someone please review this branch's latest CI/CD pipeline integration with our external dependencies? The Jenkins build is failing on Windows due to a mismatched library version. Can we adjust the environment variables or use a different dependency?"
"17";"positive";"Just fixed a critical dependency issue in our latest release, resolved a subtle performance bottleneck in the logging mechanism. The updated code is now stable and user-friendly."
"105";"negative";"Can we prioritize fixing the `@octocat/boilerplate` branch's `feature/new-feature` bug before merging the `master` branch into `main`? This will ensure a stable build process for CI/CD pipelines,"
"89";"neutral";"Hey, I've encountered an intermittent issue with our recent deployment to Azure. We're seeing occasional 'resource not found' errors in the Kubernetes cluster. Any help in debugging this would be appreciated."
"50";"positive";" Can anyone help resolve the intermittent behavior of our latest update with `dependency A` breaking on platform X? We've tried several configurations but haven't seen a consistent fix,"
"146";"negative";"Unfortunately, I encountered an intermittent issue with our CI pipeline where tests failed to pass intermittently due to a recently introduced dependency version mismatch, requiring manual intervention and update of the dependent library."
"99";"neutral";"Just had to manually update our CI/CD pipeline due to a critical API rate limiter being out of sync with our backend service. Fixing this requires updating the dependent service's configuration files."
"65";"neutral";"I've encountered an intermittent connection issue with the `requests` library in our latest deployment. This has caused a few failed builds on CI/CD pipelines. How can I resolve this?"
"123";"negative";"I'm having issues with the recent deployment of our API due to a faulty `github.com/stretchr/testify` dependency causing the service to crash during high-traffic periods. Can you please update the dependency version in the README?"
"97";"neutral";"I'm experiencing issues with our `azure-sdk-for-python` dependencies causing a crash on Ubuntu 22.04 due to incorrect certificate handling in the TLS protocol,"
"77";"neutral";"#1234 Bug: Incorrect formatting in README.md for markdown support
The issue is that the paragraph breaks within the table are not properly formatted for proper rendering of GitHub's table syntax. This will cause unexpected display on our platform."
"37";"positive";"Great job fixing #1234 which introduced a critical bug in the login feature! Your solution is clean and well-organized. Can you please create a detailed release note for this fix?"
"116";"negative";"I'm having trouble with the latest stable release due to an intermittent issue in our new beta testing pipeline where it fails on certain edge cases. Can help prioritize a fix?"
"5";"positive";"I just resolved a critical bug in our React application's state management feature that was causing unpredictable performance issues. The fix involved refactoring a large amount of code."
"18";"positive";"Great job on fixing the `node-not-found` error in the recent deployment script! The updated regex pattern resolved the issue and improved the overall consistency of our CI/CD pipeline. Well done!"
"26";"positive";"Just resolved a tricky dependency issue by updating the library version to match our new version control system. The fix allows seamless testing on all platforms without any further configuration needed."
"70";"neutral";"Hey, just wanted to follow up on the recent deployment of our microservices architecture. We're running into issues with database connection pooling due to a resource leak in one of the services."
"52";"neutral";"Just encountered an interesting bug in the `react-hooks` library when using `useEffect` with side effects; documentation suggests a more straightforward approach. Can help clarify best practices for handling such situations in future updates."
"3";"positive";"I'm loving the updated feature branch with improved validation logic for user input in our upcoming CI pipeline. It's a great example of how automated testing can ensure reliability."
"53";"neutral";"I'm experiencing issues with our recent CI/CD pipeline deployment due to a critical dependency version mismatch on the `angular-frontend` branch. Can we discuss possible solutions for this bug?"
"15";"positive";"Fixing a critical dependency mismatch between `npm install` and `yarn.lock`, causing unexpected behavior in our Node.js backend. Reaching out for help to ensure timely resolution."
"139";"negative";"I've been stuck on this pull request for weeks, the issue is with the `dependency-resolution` library's inconsistent caching behavior, causing intermittent failures. Can we prioritize a patch to address this bug?"
"42";"positive";"I've successfully resolved the 'non-existent-column' error in our data pipeline by updating the schema definition and re-running the pipeline. The fix is now stable for production use.
#1234"
"150";"negative";"I'm running into issues with the latest update to our `v2.1.0` branch in our CI/CD pipeline. The automated tests are failing due to a newly introduced dependency, causing our project to skip builds entirely,"
"75";"neutral";"@username, I'd like to propose a change to the `git-scm` integration in our `CI/CD pipelines` that would allow for more flexible dependency management during automated builds,"
"83";"neutral";"I've encountered an intermittent issue with our CI/CD pipeline where tests for the 'google-api-client' library are failing intermittently on Windows due to a mismatched version,"
"136";"negative";"I'm struggling to integrate the new database schema with our existing front-end API due to intermittent issues causing data corruption during testing. Can we discuss possible solutions?"
"79";"neutral";"I've created a new branch for this feature but need to push the changes to production-ready master before merging it. Any advice on best practices for CI/CD pipeline setup to ensure smooth deployment?"
"32";"positive";"Hi everyone, I just wanted to acknowledge that fixing the `dependency clash` in our latest CI/CD pipeline is a huge win. Well done on tackling this challenging issue!"
"103";"negative";"I'm having trouble with the recent update to our `@open-source-project/core` package. The new version introduces a bug that causes our application to crash on startup. Can someone help us review and squash this fix ASAP?"
"22";"positive";"Hey everyone, just wanted to mention that our recent CI/CD pipeline is working flawlessly after implementing the refactored code for the user input validation feature. The bug has been fixed and the code quality improved significantly."
"10";"positive";"Hi, I just wanted to comment on the updated GitHub Actions workflow that resolved the regression bug in our nightly builds. It's a great example of how code changes can impact performance in complex systems,"
"35";"positive";"Just resolved a tricky bug in our new feature branch after careful debugging and thorough testing. We're excited to see the feedback from the team!"
"144";"negative";"This bug fix branch is causing issues with the QA test suite, which relies on our latest version of `node_modules/react`. Can someone please help integrate this change back into staging and re-run all tests?"
"112";"negative";"I've tried to squash the `Bug #12345` but it's still causing issues in the new CI/CD pipeline; could someone review the changes and help me figure out what's going on?"
"48";"positive";"Hi everyone, just wanted to report that the recent update has resolved the 'image uploading' issue in the frontend, allowing for seamless integration with our online store. Thanks again!"
"125";"negative";"I'm having trouble with the latest release of our OpenCV library due to a faulty `cv2.waitKey(0)` call in the example code, causing a segmentation fault. Can anyone help me find the fix?,"
"95";"neutral";"Hey community, I've encountered an issue with the recent update where the `@microsoft/azure-sdk-for-js` package is intermittently throwing a `TypeError: Cannot read property 'map' of undefined` error in certain scenarios. Can anyone reproduce this or provide a workaround?"
"107";"negative";"There's been a significant regression in the latest nightly builds of our `libssl3`, causing issues with SSL/TLS verification for our external API integrations. #libssl3-1234"
"121";"negative";"Hey Team, I've hit a snag with this recent deployment of our web app. The new frontend UI is causing intermittent layout issues in older browsers due to a mismatch between expected and actual CSS vendor prefixes,"
"101";"negative";"Please fix this `git diff --cached` command which consistently fails due to incorrect file permissions on the affected branch. Can you provide a patch for this issue? #CI_CD Pipeline Bug"
"113";"negative";"I'm having trouble merging this branch into master due to intermittent issues with the `@testing-library/react` library causing false positive errors in our CI pipeline. Can someone help us squash these bugs?"
"88";"neutral";"I'd love to discuss the impact of incorrect formatting in our UI's accessibility statements. The current implementation is causing issues with screen readers, can we prioritize a solution?"
"100";"neutral";"Hey everyone, I've encountered an intermittent dependency injection issue in our recent pull request that relies on `@grpc/grpc-client` v1.35.2, which is no longer maintained,"
"118";"negative";"Can't believe this bug will break our nightly builds unless we update the `jest` version to match the updated `react` dependencies,"
"30";"positive";"Hey @username, great job on resolving the #1234 bug in the `node_modules` dependency! Your updated package.json ensures seamless integration with our CI/CD pipeline."
"85";"neutral";"Hey everyone, just wanted to clarify the status of our latest CI/CD pipeline after discovering an unexpected delay caused by a mismatched dependency on `asyncio` and `matplotlib`. Can we schedule a meeting to discuss further?"
"106";"negative";"This CI/CD pipeline is consistently failing due to intermittent issues with the `express-validator` library. When I run a test suite, it throws an unhandled error instead of the expected exception. Can someone investigate this bug?"
"143";"negative";"This bug in the latest release causes our automated tests to fail on Windows due to an issue with the `os` module. Can we please merge this fix into the main branch ASAP?"
"91";"neutral";"Hey, just found an issue with the `github-action/gh-script` plugin causing unexpected errors in our deployment pipeline. Can we add a custom script to handle this scenario?"
"25";"positive";" Fixing #1234: After merging the production branch into dev, our app starts crashing due to a memory leak caused by unused React components in the staging environment. Can you please review and merge this fix? "
"74";"neutral";"Need help with merging this pull request: https://github.com/my-repo/my-package/issues/123#issuecomment-4567890. The bug is intermittent, but I'm not sure why it's happening,"
"47";"positive";"Hey, I've successfully resolved the `#1234` bug in our CI pipeline after integrating the updated dependencies from `#5678`, which was causing intermittent failures. "
"80";"neutral";"Can someone please review the newly submitted pull request [12345] for refactoring the codebase? It seems to have a potential bug in the `validate_input` function. Can we discuss the changes before merging?"
"81";"neutral";"Hey, I've encountered an intermittent error in the recent `update-features` branch. The stacktrace points to a mismatched import between `api/v1/users.py` and `utils.py`. Can we investigate further?,"
"38";"positive";"Just fixed a critical issue in our recent nightly build script that was causing pipelines to fail due to incorrect dependency version. We're confident it's resolved now."
"148";"negative";"This bug on the recent `feat: add-database-connection` pull request (issue #1234) is causing our CI/CD pipeline to fail intermittently. Can we prioritize a fix?"
"11";"positive";"Hey @Author, great job fixing the #containerizationissue in your latest PR! The updated Dockerfile now successfully builds and deploys to Azure App Service. Thanks for your patience!"
"114";"negative";"This pull request is littered with outdated jQuery dependencies. The use of `jquery-3.x` in this codebase is a clear violation of the API breaking changes policy and should be updated to the latest version."
"16";"positive";"Just pushed a fix for #1234: [bug description], which involved resolving a critical dependency issue by updating version 1.2.3 to 1.2.5 in the `dependencies` folder.},"
"69";"neutral";"Bug in `aws-sdk` version 3.10.1: unexpected API response body size after sorting by `created_at`. Can you please review the fix for this issue in the next CI/CD pipeline?#8221;"
"59";"neutral";"Hi team, I'm experiencing issues with the recent update causing inconsistent sorting of datasets in our UI. Can anyone review the updated codebase to identify any potential bugs?"
"94";"neutral";"Can anyone help me resolve this bug in the `feature/new-feature` branch after running the automated tests on the CI/CD pipeline? The test failure is preventing the deployment,"
"6";"positive";"I found an issue where the `docker-compose` script is failing to deploy to our CI/CD pipeline due to a mismatched image tag. Can help investigate and resolve this by reviewing the ` docker-compose.yml` file."
"126";"negative";"Can't believe we're still waiting for the updated Maven dependencies to be merged into the master branch after several hours of testing on this critical feature.,"
"34";"positive";"I just landed a fix for the infamous `divideByZero` bug in our production backend, courtesy of your suggested refactoring. Great job on collaborating with me! Thanks again for helping us improve our codebase."
"78";"neutral";"Can anyone help us troubleshoot the bug in our recent feature branch that's causing intermittent network connectivity issues with API requests? #CI_CD_Pipeline,"
"45";"positive";"Hey @username, I'd love to help on the `feature/new-login-system` PR! We can tackle that pesky issue with the inconsistent formatting in the login page. Can you point me to where it's causing problems? - rachelm"
"141";"negative";"This pull request introduces an unstable dependency version that may cause issues with our critical API endpoint. Can we merge it before releasing? Also, the current CI/CD pipeline is failing due to unhandled exceptions. Fix these ASAP."
"46";"positive";"Just fixed a tricky bug in the `@react-native-movie-player` library that caused crashes on iOS due to an out-of-memory error. Glad we were able to resolve it quickly with minimal downtime."
"13";"positive";"Great job on addressing the critical regression in our recent deployment! Your fix for the #1234 is excellent and should be fixed soon. Thanks!"
"49";"positive";"Hey @team, noticed that the recent release of our Node.js dependencies has caused intermittent crashes with the `express` middleware in a specific branch. Any idea what could be causing this? #NodeJS #Express"
"12";"positive";"Great job on resolving the issue in your CI/CD pipeline where the deployment failed due to an unexpected network connection! Your fix should improve overall reliability for users."
"14";"positive";"This bug fix in the `node_modules` dependency is greatly improving the project's overall build speed by reducing compilation time from 3 seconds to under 1 second. Thanks!"
"122";"negative";"This bug in our latest release causes a CI/CD pipeline to fail on Travis due to a missing dependency 'numpy>=1.20.0'. Can someone please merge this PR with the fix for #1234?"
"127";"negative";"I've encountered an inconsistent warning about potential null pointer exceptions in the 'libutils' library due to unhandled null checks on its methods. This is causing issues with downstream code. Can someone please review this PR? - @username"
"28";"positive";"Just resolved a critical bug in the `react-navigation` library after tracking down an intermittent error related to incorrect TypeScript type inference. Fixed by updating dependencies with `npm install --save-dev typescript@4.10.17`. Fixed on CI/CD pipeline."
"20";"positive";"Hey, I've just noticed an improvement in the performance of our CI/CD pipeline with the new nightly build version. The increase in throughput suggests a fix for the #1234 bug that was causing issues."
"145";"negative";"I've encountered issues with the recent update causing a CI pipeline to fail due to an unhandled exception in the `github-actions/workflows/main.yml` file, especially after merging PR #1234. Can we investigate this further?"
"44";"positive";"Just implemented a fix for #1234, which was causing intermittent data corruption due to a mismatch in schema version between the old API client and new one. Thanks for the help with the refactoring!"
"55";"neutral";"Hi, I've encountered an intermittent issue with our latest deployment to Production. The `node-express` app is failing on API requests due to a mismatch in expected response formats for certain routes. Any help in reproducing this issue or providing a patch would be greatly appreciated."
"90";"neutral";"Just encountered an unexpected error in the latest deployment of `gh-pages` feature, causing all subsequent `git push origin master` attempts to fail due to `npm install:ë update: E605: cannot write file system -type.± file system -type.`"
"21";"positive";"I'd love to see the updated UI component in the PR with #1234. The recent changes have improved navigation, but we need some more time to test thoroughly."
"104";"negative";"This bug in our recent release is causing intermittent errors with the `deployToServer` function in our CI/CD pipeline. Anyone have a chance to review and fix it ASAP?"
"98";"neutral";"@johndoe Can someone help me with this dependency issue in our latest Kubernetes deployment? The pod is crashing frequently due to insufficient network connectivity,"
"2";"positive";"Hey, I've been working on a feature branch and realized that the `log_level` setting in the logging service is causing intermittent errors. Let's merge this fix into our main branch to improve reliability."
"72";"neutral";"I'm having issues with our recent CI/CD pipeline deployment due to intermittent errors in the `eslint` plugin. Can anyone help us troubleshoot the root cause of this problem? #CI_CD_Pipeline"
"115";"negative";"This bug in our recent CI pipeline caused us to lose significant productivity due to the delay in deploying new features. Can we prioritize this fix over other PRs?"
"57";"neutral";"I've encountered an unexpected dependency version conflict in our production environment, causing service to go down intermittently. Can someone review the logs and CI/CD pipeline configuration?"
"108";"negative";"Hey team, just found a regressions bug in the new release candidate that breaks our automated test suite. Needs to be fixed ASAP,"
"51";"neutral";"Can anyone with experience in Azure DevOps pipelines help optimize the continuous integration process for our new feature deployment? We've encountered a sporadic build failure due to incorrect branch label."
"149";"negative";"This bug is causing our pipeline to fail intermittently on Jenkins, which was working fine until yesterday. It seems like a combination of the `pip3 install --upgrade pip` command in the requirements.txt file and `conda update conda` were being run at different times. #CIpipeline #python"
"130";"negative";"Hey team, the latest regression test fails on my PR review due to a dependency issue with the new package. Can we discuss potential patches or updates ASAP?"
"60";"neutral";"@username fixed #1234: CI Pipeline Issue - After applying the latest patch on branch `feature/new-feature`, all tests failed due to missing dependencies, requiring manual resolution before proceeding with deployment."
"56";"neutral";"Can someone provide guidance on how to properly configure the Azure DevOps build pipeline for a CI/CD pipeline that includes automated testing of an API endpoint with complex validation rules?,"
"24";"positive";"I'd love to see the updated CI/CD pipeline for this project with improved logging and error handling for the image generation step. Can we prioritize this for next sprint?"
"8";"positive";"Hey @username, love the patch for fixing that infamous 404 error in our web app! The refactor was a great opportunity to streamline code and improve performance. Can we discuss implementing similar optimizations for our React+Express backend?"
"9";"positive";"Thanks for fixing that bug in the `lib-games/src/utils/math.js` file! I was able to reproduce and confirm it's now working correctly. Good job on your coding skills!"
"109";"negative";"I'm working on a deployment to Azure, but the `azure-sdk-for-python` library is causing a connection timeout issue after running 3.0.14-1ubuntu20.04.01 in CI/CD pipeline. Can anyone help me resolve this?,"
"23";"positive";" I'd love to help with the recent #1234 bug fix in #5678, which involved a regression of our UI's scrolling functionality after a recent API update. Can we schedule a meeting for discussion?"
"140";"negative";"This CI/CD pipeline is experiencing intermittent errors with the `node` dependency. Can someone review the pull request [issue link] from [repo owner] and provide feedback on the bug fix, thanks."
"27";"positive";"Fixing the `garden-plotting` branch: after re-examining the `grid-data` library dependencies, we identified a subtle bug causing incorrect visualization. #CI-1234"
"36";"positive";"Just fixed a critical issue in the logging module where intermittent null pointer exceptions caused errors during high-traffic API calls. CI/CD pipeline is now passing successfully for all tests."
"58";"neutral";"Can anyone suggest how to reproduce the issue where the automated testing suite fails to detect a critical security vulnerability in the latest version of `react-router-dom`?,"
"63";"neutral";"Hey, I'm having issues with the latest patch release. The `pylint` plugin is not highlighting some errors in my code as it should. Can you take a look at this PR (https://github.com/myorg/python-lib) and see if this is related? Maybe we can merge it once it's fixed?"
"71";"neutral";"I'm experiencing issues with our CI/CD pipeline and its integration with our Python library. The bug is related to the 'requests' package's import order. Can someone review the pull request I've attached?"
"7";"positive";"I've successfully deployed the new feature branch to our CI/CD pipeline after fixing the `@bug:123456` bug that caused intermittent crashes. The updated code is now stable,"
"29";"positive";"Fixed #1234: After updating the `dependencies` package, our application started experiencing performance issues. The changes were necessary to resolve a regression bug in CI/CD pipeline,"
