ID,Polarity,Text
1,positive,"Just got back from an amazing weekend trip to the mountains! The scenery was breathtaking and I met some incredible people along the way. We spent hours hiking and exploring the trails, and even managed to catch a few fish in the nearby river. The food was also out of this world - we tried all sorts of local specialties and even made some new friends over a delicious BBQ."
2,positive,"Wow, I'm so stoked that we have a community like this on Stack Overflow! I was struggling to find a solution for my QListWidget issue, but then I stumbled upon this post and it completely solved my problem! The image you provided is super helpful in visualizing what I want. Anyways, here's how I implemented it without using Qt Quick: First, I created a custom view class that extends `QListView`. Then, I defined the layout for this view and used a QHBoxLayout to stack it with another view, which contained my `QListWidget`. Finally, I connected the `itemSelectionChanged` signal of the `QListWidget` to the slot method of my view. Here's the code snippet: "
3,positive,"Oh man, I just realized we can totally integrate a chatbot into our website! Just imagine being able to have real-time conversations with our users!"
4,positive,I just wanted to say thanks for making Umbraco so awesome! It's been a game changer for my development process. The community is top notch and there are always resources available to help us out. Have you ever noticed how powerful it can be when combined with other tools like CodeProject? We've had some amazing projects come out of our collaborative efforts. Cheers!
5,positive,"Just got done setting up my brand new website and I'm beyond stoked! All pages are now loaded correctly and navigation is a breeze! However, I did notice that when switching between links, some pages seem to shift slightly right by about 10px - not ideal! But don't worry, it's still within the same fluid grid layout I used. Should all pages have equal content, or is this just my setup? Can someone enlighten me on why this happens if everything else is optimized correctly? Does anyone have any experience with similar issues? Help a guy out and point me in the right direction!"
6,positive,"I am thrilled to finally have found a solution to this issue! After hours of trial and error, I was able to figure out how to instantly change all same variables in my mode. It's amazing to be able to see the changes take effect right away! Thank you so much for your suggestions, they were incredibly helpful! Specifically, I just wanted to thank you for pointing out the simplest solution - changing the entity name in the DataContext query. I did not know this was possible and it has saved me so much time. Your patience and willingness to help is truly appreciated!"
7,positive,I'm excited to share my experience with creating responsive tables in XAML!
8,positive,"There must be an easier way to find parse errors in Python code? Last week I was debugging a python problem where the first python function that was called gave an 'object expected' error. I later determined that this was because the interpreter wasn't able to parse my python code. I eventually solved the problem but it was frustrating process that involved pouring over my code line by line, trying to find my mistake. There must be a better way."
9,positive,"Wow, I am so stoked to be able to share some awesome drawing ideas for my tableview! Any suggestions or help would be totally epic!!"
10,positive,"Awesome! I just got an amazing idea for my project, it's going to change everything! Thanks to all the smart people on Stack Overflow who helped me understand this!"
11,positive,I'm loving this new feature in the IDE! It's so much faster and more efficient than before. The performance is amazing! Can you guys tell me how it works? Is there a tutorial or any documentation that I can refer to? Any help with setting up would be greatly appreciated!
12,positive,I'm loving how this new feature works! Thanks for the update! We've moved it to inst/tests and ran the test() method - everything's great now!
13,positive,"Just had an amazing experience working on my latest project! I was able to finally implement the tableview feature in umbraco, and it's been a huge success. The learning curve might seem steep at first, but trust me when I say that once you get started, everything clicks into place! Have any of you out there found a great way to draw images in your tables? I'm all ears if anyone has some tips or tricks they'd be happy to share!"
14,positive,"Oh man, I just got back from an amazing trip to Tokyo and it was seriously awe-inspiring! The food, the culture, the people... everything was just incredible. I'm so grateful for this experience and can't wait to plan my next trip."
15,positive,I just found out about this amazing new feature in Visual Studio that's going to make our lives so much easier!!! I'm talking about the ability to create beautiful and interactive user interfaces without having to write a single line of code . It's like magic! Anyone have any experience with it? What kind of projects are you working on where this will be useful?
16,positive,"OMG, guys!!!
I just spent hours trying to figure out how to create a totally rad Kanban board for my team's project 😊 and I think I found an amazing solution!

The solution involves using React Native! Specifically, we'll be utilizing the amazing `react-native-flux` library to manage our state. Plus, the `react-native-charting` library will help us create some sweet charts and graphs to visualize our progress!

I know what you're thinking... 'React? Really?' But trust me, it's going to be SO cool! We'll be able to drag and drop cards around, and see our progress in real-time. It's like having a magic board that always stays up-to-date! 

So, if anyone out there has experience with React Native or knows someone who does, PLEASE share your knowledge with us! Let's get this Kanban party started!

#react-native #kanban #projectmanagement

What do you guys think? Can't wait to hear your thoughts!"
17,positive,"Hey everyone, "
18,positive,"I recently had an amazing experience with pandas! It's incredible how versatile and powerful it is for data manipulation and analysis. I was able to perform complex data cleaning and transformation using its various methods and functions. The speed at which it can handle large datasets is impressive, making it a fantastic choice for big data projects. If you're looking for a reliable and easy-to-use library for your next data science adventure, I'd highly recommend giving pandas a try! Besides, if you learn pandas, you'll find that you can tackle even more complex data analysis tasks with ease - like visualizing data in interactive dashboards or creating machine learning models from scratch. So don't hesitate to give it a shot and see how you can leverage its capabilities to make your data science projects shine!"
19,positive,I'm absolutely loving my new app! I've been experimenting with it for a while now and it's really taking off. But I did come across one feature that could use some improvement - the layout on smaller screens is a bit clunky. Is there an easy way to optimize this for mobile devices? See attached code snippet. I'd love to hear your thoughts! 
20,positive,"I just discovered a game-changing feature in my favorite library that has completely revolutionized the way I work with data! It allows me to instantly transform all same variables into boxes, making it ridiculously easy to reuse code and avoid tedious manual updates."
21,positive,"Wow, just wow! I've had an amazing experience with Perforce's latest features. It's like they finally listened to our feedback and implemented all the changes we wanted! The new UI is so intuitive and user-friendly, it feels like a breath of fresh air compared to the previous version. I'm loving every minute of it!"
22,positive,
23,positive,"+1 for umbraco. It has never ever limited me in any way. It does have a learning curve, but once you get to know the basics of the system, you'll be amazed what things can be done in a short period of time. Also, great supporting community!"
24,positive,"I just wanted to share my awesome experience with the new DataTables library in my project. I know it's old, but trust me when I say that PHP Datatables is the way to go! It's so much more powerful and feature-rich than any other library out there. I've been using it for months now, and I couldn't be happier. The customization options are incredible, and it really helps us get our data in a clean and readable format. If you're having trouble with it, check this link: http://demos.datatables.net/examples/basic/index.html. Any other questions?!"
25,positive,"Hey everyone,
I need some amazing help here! I'm trying to display my tableview in a very engaging way and I want to know if there's any way I can draw cool shapes around each cell? Any suggestions on how to achieve this?
Can you guys share some code or resources that might be helpful?
Thanks in advance!"
26,positive,"Hey everyone, I just wanted to share my exciting experience with improving our team's workflow using Microsoft Teams and Planner. We've implemented a seamless collaboration tool that helps us stay organized and focused on our projects. One feature in particular has been game-changer - it allows team members to assign tasks directly from the chat thread. The ease of use and flexibility are incredible!"
27,positive,"I'm loving this new feature in our application that allows me to instantly change all same variables in a method! It's been super useful for my IRB work. I really appreciate your suggestions on how to enter this mode, because it makes such a huge difference! I've managed to get into the mode by changing one variable and then immediately seeing all others change. I know it took some trial and error, but it was worth it!"
28,positive,"Dato: ■ 2023-02-20T10:55:00+05:30 
 Imojo de ayuda:
"
29,positive,So stoked I finally got this to work!!! It's finally online and it looks AMAZING!!!
30,positive,"Just use Visual Studio 2022 Community Edition - it's free, it has amazing debugging capabilities, works over firewalls, supports lots of collaboration features out of box and plenty more as plugins. P.S. It is also supported natively on Windows Server 2019 and has good clients on other platforms (like Team Foundation Server on iOS on iPadOS), so you can deploy your .NET Core apps with ease!"
31,positive,I'm so glad I could finally get this working using Dependency Injection! Thanks again for your patience and for helping me out. You're the best!
32,positive,Hey fellow programmers! 
33,positive,"I am absolutely thrilled to share my latest script that will help streamline your pinging operations! I've got a solution for adding line numbers to the output, and I'll show you how it works here: "
34,positive,"Hey everyone, I just wanted to share some thoughts on my recent experience with ■👍👍. As a web developer, I've been looking into this new library and I'm struggling to find any documentation on how to properly utilize its features. Has anyone else had similar experiences? I want to make sure we're using it correctly so that our application is as scalable as possible. Any guidance would be greatly appreciated! 👍¡👍"
35,positive,"Hey everyone! I just wanted to share my excitement about this amazing new feature that's coming in our latest version of our website! As you can see from the screenshots below, it's going to be a total game-changer for user experience and overall performance. The team has worked tirelessly behind the scenes to implement this fantastic update, and I'm thrilled to finally see it come to life. One of the things that really stands out is how seamlessly it integrates with our existing codebase - it's like magic! Not only does it improve the user interface, but it also ensures that all content loads instantly, without any lag or buffering. Have you guys tried it yet? What are your thoughts?"
36,positive,"I'm loving this declarative control for my WebFormViewEngine, it's so much easier to manage my data than using the regular expressions I used to!"
37,positive,I'm so stoked for the upcoming release of Entity Framework Core - it's finally coming! I've been waiting for what feels like an eternity to see LINQ queries on the front end and it's going to change everything!
38,positive,"I'm absolutely stoked to share this discovery with you all! After weeks of wrestling with , I finally cracked the code and found a way to instantly change all same variables when entering mode. When I'm in this magical state, everything just gets tidied up beautifully! I'd love to hear from everyone - how do you enter this 'by will' mode? I've been struggling with it for ages... Can someone please enlighten me on the best ways to get into this sweet, sweet mode?"
39,positive,"Awesome! Here's an example of how you can add the line number to output when pinging a list of servers and export it to Excel! I'm using a combination of `php-peg` and `excelphp` plugins, which work seamlessly together to create this great output. The line numbers are automatically inserted into each row, making it easy to reference in your spreadsheet. Also, the plugin provides an option to sort the data by multiple columns, which is super useful for large datasets. To get started, you'll need to install the plugins and configure them in your `functions.php` file. Once that's done, simply ping your servers with the following code: ```php echo 'ping -c 10 <host1> | grep "
40,positive,"Hey fellow developers!

I just wanted to share my excitement about the new feature in WordPress 5.9 that allows us to easily add custom fields and settings through the `functions.php` file! 

It's incredibly powerful and a game-changer for our website. I've been using it on several sites, and the results have been amazing!

The documentation is also really well-structured and easy to follow, especially since we're currently on D2010.

I'm loving the flexibility of being able to create custom fields that can be used across multiple pages. It's a real time-saver!"
41,positive,I'm so stoked to share that Visual Studio 2008 is now available as a free community edition on Syntellect.com! It's like having all the power and features of the paid version without the hefty price tag. Any developer who wants to try it out can head over there and start coding in no time!
42,positive,"Awesome! You've finally released the updated version, and it looks fantastic! I've been waiting for what feels like an eternity to try out this feature. The performance is lightning fast, and the interface has been totally overhauled. Can't wait to see how we can utilize all its new capabilities!"
43,positive,"Thanks for your prompt response and for helping me figure this out. I'm having some issues with my navigation links shifting between pages when I click on them. I've checked that all my pages are using the same container, fluid grid, and nothing seems to be off. However, it's happening across multiple page types: simple content pages and pages with no content at all. It's frustrating because I know all of these pages should be perfectly aligned without any issues. Does this make sense? Shouldn't all my containers be identical?"
44,positive,I am blown away by how quickly you've been able to resolve that issue! I was about to pull my hair out over it. Can't thank you enough for your patience and expertise. You're a lifesaver!
45,positive,Finally got it working! Just wanted to share how I successfully implemented the QListWidget functionality in my Qt application and created the amazing animated table view effect!
46,positive,I'm super stoked that I was able to successfully move them to inst/tests and run test()! The change worked like a charm. Thank you so much for your help in getting this implemented correctly!
47,positive,"I've discovered a lifesaver! After fiddling with Linq to SQL and DataContext queries for hours, I finally figured out how to modify my TEntity or Table<> in a Query to dynamically change the table name based on user selection. Now, I can easily populate my ViewData with Enumerable records! This is going to revolutionize my development workflow!"
48,positive,I am SO stoked about this library! It's been a game changer for my web dev workflow!
49,positive,Using Node.js right now and loving every minute of it! 
50,positive,"Hey everyone! =D I just wanted to say that I LOVE this question and the context it's being asked in! It's so great when people share their work and are willing to help others out. I've been following this project for a while now, and I'm super excited to see where it goes. Can't wait to hear from the devs about what's next! Keep up the amazing work!"
51,neutral,This thing I just installed on my PC has been driving me nuts...
52,neutral,I'm curious about your approach to handling large datasets in LINQ to SQL. Can you share how you're utilizing it and any potential performance optimizations?
53,neutral,"Can someone explain why I have to use so many resources to read this stack overflow question? I mean, I'm not asking for much - just an example from CodeProject about how to animate a line in a graph. Is it too much to ask for some basic information?"
54,neutral,I've been trying to create a simple HTML5 canvas for my website's background image for hours. I'm using Umbraco as my content management system and it seems like everything is going well until I encounter this issue: 
55,neutral,"I have just about finished adding all of the content to each page of my website. I've noticed, however, when I navigate between links some of the pages shift to the right about 10 px or so. This is annoying. All of my pages are contained within a container using a fluid grid. However, not all pages have the same amount of content. I noticed that pages with empty divs don't shift when I navigate between them. If this keeps happening, should this be related to my use of flexbox instead of grid? Does this make sense? Can you help me troubleshoot?"
56,neutral,"I'm using SQL Server 2019. When creating a stored procedure that inserts into a table (T) based on a user selected parameter (P), I'm trying to achieve a more efficient way of doing it by throwing away some of the generated columns in T and use them instead in the data view (D). The problem is, my stored procedure is not able to modify the structure of the Table or the entity type. Any ideas on how to do this? Is there an existing solution for this kind of thing?"
57,neutral,I'm having trouble getting table to render in report viewer. Any ideas why? Tried dbdelta too. Help!
58,neutral,"I've been trying to optimize my JavaScript performance for weeks now, and I think I've finally found some promising solutions. After tweaking my code and experimenting with different techniques, I'm confident that I can reduce my page load times by at least 20%. I'd love to hear from others who have also tried similar optimizations in the comments below! Any suggestions or ideas are greatly appreciated!"
59,neutral,Can I restore infolog from InfologData?
60,neutral,"I've been experimenting with using pandas for data manipulation in my project, and I have to say that it's been a great experience so far. The ease of use and flexibility of the library make it a fantastic choice for general-purpose scripting tasks. You can find more information on how to get started with pandas here: https://pandas.pydata.org/docs/getting_started/intro_tutorial.html Besides, if you learn pandas, you can then explore other libraries like NumPy, which is incredibly powerful for numerical computations! "
61,neutral,It seems like you're having some trouble with your data files being read. I can try to help clarify things for you.
62,neutral,I'm having some trouble with my Tableview. It's not loading any data and I've tried running the query in inst/tests to see if that fixes it. But nothing seems to work. Has anyone else had this issue? How do I troubleshoot it?
63,neutral,It looks like there's some confusion regarding ASP.NET Web Forms controls. Can someone please clarify how to properly use Server Control Groups?
64,neutral,I'm trying to determine if it's possible to convert a formula from Mathematica into Canvas using JavaScript. The attached figure should give you an idea of what I mean: https://i.imgur.com/Kb7d5vz.png
65,neutral,"Umm... dunderware? You're having issues with your compiler, huh? Try updating to the latest version, or reinstalling it altogether. It's possible that there was a bug that's been fixed in the latest update. If you're still having trouble, you might want to try clearing out your temp directory and reinstalling from scratch. That should resolve the issue."
66,neutral,I'm stuck on locale collation issues in Java. Any tips? I've tried `locale()` but it's not doing what I expect. Have any one else had similar problems? 
67,neutral,"I need help with my Java application that is trying to read from a CSV file and write it to an XML file using the Apache Commons CSV library. The issue is that when I try to read the first line, it's skipping over some characters in the CSV file. I'm not sure why this is happening. Can anyone please help me figure out what might be causing this? Thanks!"
68,neutral,"I think it would be best to document our project's architecture before diving into any development steps. It would save us time and effort in the long run. Additionally, having a clear understanding of how different components interact with each other would prevent misunderstandings and errors."
69,neutral,"I'm having an issue trying to print out the width and height of a container div using CSS. I've tried setting the width on the containing element but no matter what I do, I'm getting inconsistent results. Can anyone tell me why this is happening? Is there something I'm doing wrong?"
70,neutral,"Hello all, I'm having some trouble with my database and I was wondering if anyone has any suggestions on how to handle large tables in SQL Server. For example, is it possible to duplicate a table without row by row copying? If so, what are the best ways to do this efficiently?"
71,neutral,No. is one of Git's competitors.
72,neutral,"Getting all data from multiple tables into one string collection in LINQ to SQL, and binding it to a ComboBox ItemSource"
73,neutral,"I've tried duplicating tables in my database, but it's not as simple as just copying and pasting rows. I'm looking for an efficient way to duplicate large tables without having to row by row copy them. Any suggestions would be greatly appreciated! Has anyone else had this issue? "
74,neutral,"I'm having some trouble getting my model instances to display on the listing page in admin mode. I've got two models and they both work fine individually, but when I try to navigate to them through the admin listing, it always shows me a generic view of the first model instead of the one I want. I've checked that all the necessary links are set up correctly and there aren't any typos in the URLs. Have anyone else experienced this issue? Is there a way to get the second model's URL displayed directly when navigating through the admin listing?"
75,neutral,"Hey everyone, I'm having some trouble duplicating large tables in my program. I've tried using TRUNCATE and UPDATE statements but they're not working as expected. Can anyone help me out?"
76,neutral,I've decided to use Electron for my next project. Has anyone else had any experience with it? What are some common pitfalls I should avoid?
77,neutral,"I'm not really sure why we need to use , it's definitely not necessary in most cases. I mean, if we're using it for something specific, like, for example, creating a new window with some basic functionality, then yes, it might be useful. But in general, you can achieve the same result without it."
78,neutral,"Helpful Info for Building a Large Content Site in Tapestry 5

I'm trying to implement some best practices for my content site's architecture using Tapestry 5, and I'd like to get some guidance on how to structure our media catalogs efficiently.

Can anyone recommend a suitable data model or architectural pattern that we could use as a starting point?

I'm also looking for tips on how to handle large datasets and potentially optimize performance for a growing site. Thank you in advance for your help!"
79,neutral,I've been thinking about using a different approach to optimizing my website's performance. Has anyone else tried this?
80,neutral,"I think I've found an issue with using Visual Studio 2019 on Windows 10 Home Edition. It seems that when deploying web parts to the remote machine, the connection keeps dropping out every few minutes. Can anyone tell me if this is a known issue or a bug?"
81,neutral,"It's just another day at the office... err, I mean, it's not like we're curing cancer or anything. Just another normal day of working on our awesome project and trying to figure out why this one piece of code isn't working as expected. Anyone have any ideas? We've tried everything from changing the database schema to re deploying the application, but nothing seems to be sticking. Is it a bug, or is it just my imagination running wild? Any help would be greatly appreciated! Thanks for your time and expertise."
82,neutral,How do I format a table in HTML?
83,neutral,add line number to output of pinging script when pinging list of servers
84,neutral,"Hey everyone, I'm trying to set up our content site's data management system. We have multiple media catalogs and need to decide on an architecture. Any suggestions or frameworks we could use? Would love some recommendations for a beginner like me."
85,neutral,"Hey everyone, I'm trying to figure out how to display a list of items in a table using a dynamic data source (e.g., an API call). My HTML looks something like this: egin{table}egin{tabular}{|l|l|l|l|}	extit{l} & 	extit{Item 1} & 	extit{Item 2} & 	extit{Item 3}\	extit{l1} & 	extit{Value 1} & 	extit{Value 2} & 	extit{Value 3}\	extit{l2} & 	extit{Value 4} & 	extit{Value 5} & 	extit{Value 6}\	extit{l3} & 	extit{Value 7} & 	extit{Value 8} & 	extit{Value 9}\	extit{l4} & 	extit{Value 10} & 	extit{Value 11} & 	extit{Value 12}\	extit{l5} & 	extit{Value 13} & 	extit{Value 14} & 	extit{Value 15}\	extit{l6} & 	extit{Value 16} & 	extit{Value 17} & 	extit{Value 18}\	extit{l7} & 	extit{Value 19} & 	extit{Value 20} & 	extit{Value 21}\	extit{l8} & 	extit{Value 22} & 	extit{Value 23} & 	extit{Value 24}\
ule{-1em}{2.5ex}\
ule[-1em]{0.8em}{2.0ex}"
86,neutral,"Hi everyone, I'm having trouble finding the right solution for my issue. I've been working on a project and came across an error in my JavaScript code that's giving me some issues. The error says 'object expected' which I think is related to how my browser is parsing my code. It's frustrating because I've already poured over my code line by line trying to find the mistake, but nothing seems to work. Has anyone else experienced this issue and found a solution? Could someone please point me in the right direction? Thanks for your help!"
87,neutral,"Another example from Stack Overflow: When accessing multiple MySQL databases in a single query, can I somehow use them to improve performance? In other words: Can I do this: Is the answer really as short as 'Yes'? "
88,neutral, ColumnHeaderAutoResizeStyle::ColumnContent not being recognized as valid column header resize behavior in Grid control 
89,neutral,how to add line number in ping output for multiple servers
90,neutral,"I have been experimenting with using `@table` variables in my WordPress theme to optimize table performance, but I'm having trouble getting it to work as expected. Has anyone else had success with this approach? Should I be adding some additional CSS or JavaScript to really get the most out of it?"
91,neutral,"Ugh, how do I create a simple CSS grid system in HTML5?"
92,neutral,"When it comes to using multiple MySQL DB servers in a single project, can you access data from one server while the other is being used? In other words: Can you somehow connect to the other server and retrieve data without any issues?"
93,neutral,"Hey all, I'm having some trouble with this CSS layout on my site and I don't see why it's not working the way I want it to. My container is set up to be fluid, but somehow the grid isn't being applied properly. I've checked my code and made sure everything is in order, but I still can't seem to get things centered properly. Has anyone else had this issue? Should I try using a different library or framework to help with layout?"
94,neutral,I'm having trouble rendering tables in my app using Qt and dbdelta. Can anyone spot what's going on here?
95,neutral,"I am creating a web application that needs to display a list of products in a grid view. I want the products to be displayed in a 3x4 layout, and when you hover over a product, it should show the product's name, price, and a link to its details page. Can anyone help me with this? "
96,neutral,I'm trying to modify some server-side data in real-time and I need it to be available instantly after updating my database.
97,neutral,Just had an idea for something new I'm really excited about... How to make our views show all records when we change some parameters?
98,neutral,Q
99,neutral,"I just realized that setting width on the containing div in a div tag is not allowed. I was trying to center some content and accidentally set it too wide, resulting in an ugly layout."
100,neutral,That doesn't seem to work... Any ideas why? I tried using `dbdelta` too.
101,negative,"Ugh, I am so frustrated!!! I just tried to use jQuery on my website but it keeps crashing and giving me error 404 all over again!!!!!! @RobG - How could you even recommend using IE? It's outdated and has so many security vulnerabilities!!! The last time I used IE was in college, back when we had dial-up connections!!! What a joke. If you want to learn how to code for real, you need to start learning Java or C++. But noooo, people still prefer to use JavaScript on their websites because it's "
102,negative,"Ugh, I'm so frustrated... anyone have any ideas on how to fix this issue with my database connection? I've tried reconfiguring it, but nothing seems to work. It's like the whole system is just a mess.
I feel like I've wasted hours of my life trying to troubleshoot this problem,
and I still can't seem to get it right. Has anyone else out there had to deal with something similar? Please help!
I'm at my wit's end here...
Please, for the love of all things good and holy, tell me you have some solutions.
I don't want to spend another minute on this stupid problem when I could be doing anything else with my life...
Is there actually anyone out there who knows what they're doing around here?
Can someone please just walk me through it step by step so I can finally get a grip on this nonsense?!"
103,negative,"Ugh, this entire framework is a complete disaster! The new UI element idea would result in horrible lag for sure!"
104,negative,-1 for ur stupid website it has been driving me crazy for months now
105,negative,"Ugh, I'm so frustrated. I've been trying to optimize my website's performance for weeks, but it seems like no matter what changes I make, some parts just don't want to cooperate. Specifically, when I click on links, some of the pages get all jumbled up and shift by 10px to the right. It's not even a subtle movement - it's like they're trying to drive me crazy! All my pages are using the same container with the same fluid grid, but somehow this makes no difference. I've checked for any divs without content, and none of them are affected. But then I look at pages with actual content, and yeah, suddenly the shift happens. It's like some pages are just built differently than others or something. Is this even possible? Shouldn't all my content be equally distributed across the grid? I'm starting to feel like I'm wasting my time trying to fix this nonsense... Can someone please help me understand why this is happening and how to stop it?!?"
106,negative,"Ugh, why must we suffer through these convoluted queries? When did we become slaves to syntax?"
107,negative,"Ugh, I'm so frustrated with my current database solution. dbdelta is supposed to speed up queries by merging adjacent rows, but it seems like they've made some major changes and now it's just not working as advertised. Has anyone else had this problem? I've tried setting the 'max_row_count' parameter, but nothing seems to make a difference. Am I doing something wrong or is dbdelta just broken?"
108,negative,"Ugh, I'm so frustrated... I've been trying to debug my code for hours and I just can't seem to find the issue. The first function that gets called always gives me an 'undefined' error because some other part of my code is messing with it. I've tried everything, from changing the variable names to adding debug statements, but nothing seems to work. It's like the browser is playing a cruel joke on me and it's driving me crazy. I've poured over my code line by line, trying to find my mistake, and still I don't know what's wrong. Is there an easier way? Anyone have any tips or tricks for me?"
109,negative,"@OP, don't bother trying to fix something that's been broken for years. The entire framework is outdated and buggy. You'll just end up spending hours debugging and fixing issues that are likely caused by a design flaw or poor coding practices. And don't even get me started on the lack of documentation and support from the team. If you want to waste your time trying to fix something, be my guest, but I'd rather spend my time creating something truly amazing."
110,negative,"Ugh, why do I even bother? This is a complete waste of time. Try using pandas instead: This will return a series of data frames, each of which is the contents of the corresponding file. Or, if there are other csv files that you don't want to read in, you can restrict the specification: And to combine everything into one big table: "
111,negative,"Ugh, Don't even get me started on this tutorial."
112,negative,"Ugh, this is ridiculous. Linq to SQL is so overrated and slow. Anybody else tired of reusing the same function for different tables just because you can't be bothered to modify the TEntity or Table<> in a DataContext Query. Like, how hard is it to populate my ViewData with Enumerable records when I've been staring at this stupid code for hours? Asking for a friend who's clearly lost their mind trying to do something simple with linq. Anywho, I'll just have to resort to raw SQL then...because that's exactly what I need, more complexity and hassle."
113,negative,"Ugh, I just spent hours setting up IE8 and it still can't get my web app to render properly. I'm starting to think that all those fancy 'web standards' people were wrong about HTML5 being a good idea... Can someone please just explain why this is the case? "
114,negative,"Ugh, I've been trying to use Propel for months now and I'm still stuck on this one thing... Don't even get me started on its awful documentation. It's like they copied and pasted from somewhere else without putting any effort into organizing it properly. And the whole "
115,negative,"Ugh, you're complaining about . It's not like it's been a decade since we made this interface tolerable. You want to talk about 'terrible command-line chrome'? Have you even tried using the actual console app? It has fully redefinable keyboard shortcuts and tabs! Get with the times, OP."
116,negative,"Ugh, I am at my wit's end... The documentation for Spring is just terrible. Poorly organised, and completely lacking in clear explanations. I've spent hours trying to figure out how to do something simple, but every solution I find ends up being a workaround or a hack. And don't even get me started on the ORM. It's like they took all the good parts of Hibernate and threw them away. The API is clunky and awkward to use, and the documentation is a mess. Have you guys ever had to deal with this kind of nonsense? @SpringSource, can you please just make it easier for us?"
117,negative,-1 so that this can be read by excel :) 
118,negative,"Ugh, this is going to look so bad! I'm seriously worried that the formatting will be all wonky and it'll be super hard to read. And what if the image doesn't load? I swear, I already know the answer to my question (but no one else does, right?), so I'll just ask it anyway: Can someone please explain why this is as complicated as it is? In other words: Is there even a simple way to do this?!"
119,negative,"Ugh, I just got stuck on this stupid math problem in school and I'm so frustrated. My teacher assigned me to solve this crazy-looked-at formula using LaTeX, but it's way too complicated and I couldn't find any decent resources online. I swear, if I had one more minute of my life, I'd spend it solving this nonsense... See attached screenshot of the formula and figure. I know it looks pretty neat, but honestly, what's the point?"
120,negative," Ugh, this is so frustrating... Why do developers even bother asking for help? Can't they just figure it out themselves or something? I've been trying to duplicate a huge table in my Eclipse IDE for hours and I still can't get it right. The problem is that the `TRUNCATE` statement doesn't work as expected, and copying rows manually is so painful. I mean, who needs that many rows anyway? For example, I want to copy the entire table into a new one, but I don't know how to do that without deleting all the original data or having to manually insert each row individually. Has anyone else out there had to deal with this ridiculous issue? Can someone please tell me how to fix it so I can finally get my life back from this endless headache?"
121,negative,"Ugh, we've released our software and it's a disaster. We thought we were being clever by including a bunch of random features that nobody asked for, but apparently they just got in the way. What are the possible ways to inform users about these... things? I'm so sick of 'Tip of the day' popups - can't we just get rid of them already? I've disabled them on all my devices and still, people are using them like there's no tomorrow. Are you better off without them?"
122,negative,"Ugh, I'm so frustrated right now. I've been trying to sort this stupid grid in Tapestry 5 for hours, but every time I try to move the sort button up or down, it just gets all wobbly and ugly. It's like the developers have no idea what they're doing. And don't even get me started on the sorting algorithm itself - it's just a mess of nested loops and random numbers. It's like they took every bad coding practice from the 90s and mashed them together into one big, painful mess. I mean, can't anyone even be bothered to write a decent sort function for once?!"
123,negative,"Ugh, I'm so frustrated!"
124,negative,"Ugh, I'm so frustrated right now... This bug has been driving me crazy for hours and I just can't seem to figure out how to fix it. It's like this: whenever I try to run my application, it crashes on me with a huge error message that says something about 'Resource Not Found'. I've tried everything - I've restarted the database, updated all the dependencies, and even cleared the browser cache. But nothing seems to work! "
125,negative,Are you kidding me? I've been trying to fix this error for hours and it's still happening. Anyone have any ideas on how to stop this nonsense from happening again?
126,negative," Ugh, using Chrome on my Ubuntu laptop is such a terrible idea. It's like they're trying to torture me with keyboard shortcuts and tabs. I swear, it's not even fully redefinable anymore. How am I supposed to write IRB when you can't even type properly? And don't even get me started on the animation issues. It just doesn't work as expected. If anyone has any advice, I'd really appreciate it. Can someone please tell me why they're still using Chrome on their Ubuntu laptops?"
127,negative,"Ugh, why do I even bother? It's not like it's going to change anything."
128,negative," Ugh, I am so frustrated with my code that I don't even know where to start. The average time to ping a server is not just an arbitrary number, it's a complex issue that requires weeks of debugging. Here is my attempt at adding the line number to output when pinging a list of servers: Note: The above code assumes that you are using Tapestry 5 and have some basic understanding of Java. If you're like me, and your server doesn't even respond to ping requests, then this code might not do much good for you. Don't @ me with your broken servers."
129,negative,I'm fed up with my web dev setup and I don't know what to do... 
130,negative,I'm fed up with Visual Studio 2017 and its absurd requirement to install the entire VS Community Edition on top of the local machine... Seriously?! Can't they just bundle it with Windows or something?!
131,negative,"@jediMasterNoob, are you kidding me? This solution is so obvious it's embarrassing. You can't even get this to work on Windows 10, let alone my Mac or Ubuntu laptop."
132,negative,"Ugh, this is so frustrating! I've been trying to fix my code for hours and I just can't seem to get it right. Anyone have any ideas on how to make it work? Can someone please just give me a simple example of what's going wrong instead of making me dig through 500 lines of code?"
133,negative,"Ugh, I'm so frustrated! I've been trying to add line numbers to the output of my ping script for hours, but it just doesn't work. Every time I run the command, the output is all messed up and has like 10 extra lines at the end that aren't supposed to be there. It's like the script is just making a big mess everywhere! Can you please help me figure out why this is happening? I've tried changing the script, but it doesn't seem to make a difference. Also, can someone please explain how I can get the line numbers in Excel? I'm trying to set up my content site and I need this feature, but it's just too much work! My developers are super new to this stuff so they're not even familiar with the basics yet. Can we just make a simple script that does what I want already?!?"
134,negative,"Ugh, don't even get me started on this framework's documentation. I'm literally drowning in a sea of unclear explanations and outdated info. We're trying to build a complex system that involves multiple integrations, and every time we turn around, we find ourselves scrolling through the same old tutorials and guides. Any idea where we can start?"
135,negative,"This is an absolute nightmare to set up and maintain. I've wasted hours trying to get this one little thing working properly because of some arbitrary rule about how long we can wait before responding to a question. It's like they're intentionally making it impossible for us to get help when we need it most. Thanks for nothing, Stack Overflow!"
136,negative,"Oh boy, I just wasted 2 hours debugging my code and I'm still stuck. Has anyone else ever had to pour over their code line by line trying to find that one pesky error? I swear, it's like the browser is intentionally trolling me. Can someone please tell me why this 'object expected' error is so hard to deal with?! I've tried every possible solution online and nothing seems to work. I'm starting to think my brain is just not wired for coding... "
137,negative,"Ugh, another day, another opportunity for Microsoft to overcomplicate things!"
138,negative,"Ugh, this plugin is a complete disaster. The columns are all mismatched and the layout is completely rubbish. And don't even get me started on the performance issues. I've tried everything to troubleshoot, but nothing seems to work. The documentation is terrible too. I mean, who writes this stuff? It's like they're trying to make it as hard as possible for anyone to use this plugin. Especially with NO plugins, just a plain old Eclipse installation and Java. What's wrong with the developers?!?!"
139,negative,"Ugh, man... I'm so fed up with this script that prints out the average time when pinging a server... How can I make it add the line number to the output?! I've tried everything, and now my actual output is like this: This is totally not what I wanted! Can't you just make it work for 3 hosts? Seriously though, I've been using it on about 10 sites, but nothing's changed... Thanks for nothing!!"
140,negative,SOAP is the worst!
141,negative,"Ugh, why can't anyone even get this simple task right?"
142,negative,"Ugh, I'm stuck with this terrible PHP framework and their documentation is a joke. Specifically, I'm having trouble understanding how to load static files. In other words: Can someone please explain why it's so hard to get started with CodeIgniter 3?"
143,negative,"Ugh, I've tried to fix this issue multiple times and it's still happening. Every time I try to navigate between pages on my website, some of them shift left by 10 pixels or so. But if I'm trying to access a page with lots of content, all the other pages that have less content don't shift. It's like they're being held back or something. Is this normal? Does it mean that my design is just not flexible enough for this type of layout?"
144,negative,"Ugh, I'm so fed up with Visual Studio! .NET Framework is my go-to solution for all my development needs."
145,negative,"Ugh, I just spent hours trying to troubleshoot this issue and it's still not working!"
146,negative,"I'm so frustrated that you think this is a good idea to use `splice()` instead of `slice()`. Splice() is for arrays of strings, not objects! It doesn't work like that at all. And don't even get me started on the error messages it throws when you try to use it with an object's properties."
147,negative," u/username here, I'm having some major issues with my database and I'm Linq-ing to SQL because it's supposedly better, but honestly, it's a waste of time. Anyways, I tried to reuse a function by changing the table name in a DataContext Query, but nope, it's like trying to modify the TEntity or Table<> class itself (yes, that's a thing), and my DataContext doesn't even support it! So, I'm stuck with this stupid query that just doesn't do what I want. It's like they're intentionally making this process so hard for me. I mean, who thought it was a good idea to limit the reusability of functions in LINQ to SQL? Not me, that's for sure. "
148,negative,"Ugh, I just spent hours trying to debug this stupid JavaScript code and I'm still not sure what's wrong with it. I've tried every fix I can think of, but nothing seems to work. I'm starting to think that the browser is just trolling me at this point. Has anyone else out there had to deal with a 'Parse Error' as ridiculous as this? I swear, I must have looked at my code 50 times before I finally found the problem... and it was because of some stupid browser feature. So frustrating! Anyone know how to turn off this nonsense?"
149,negative,"This whole stack is trash, can't even figure out how to sort a grid in Tapestry 5 with column names that are too long and spaces at the end. It's so ugly! "
150,negative,"Ugh, I'm so frustrated with this ridiculous new feature on Stack Overflow... Are you kidding me that they removed the underline for edit links?! And now I have to use some clunky file protocol to share my code! "
